,id,date,store_nbr,family,sales,onpromotion
0,0,2013-01-01,1,AUTOMOTIVE,0.0,0
1782,1782,2013-01-02,1,AUTOMOTIVE,2.0,0
3564,3564,2013-01-03,1,AUTOMOTIVE,3.0,0
5346,5346,2013-01-04,1,AUTOMOTIVE,3.0,0
7128,7128,2013-01-05,1,AUTOMOTIVE,5.0,0
8910,8910,2013-01-06,1,AUTOMOTIVE,2.0,0
10692,10692,2013-01-07,1,AUTOMOTIVE,0.0,0
12474,12474,2013-01-08,1,AUTOMOTIVE,2.0,0
14256,14256,2013-01-09,1,AUTOMOTIVE,2.0,0
16038,16038,2013-01-10,1,AUTOMOTIVE,2.0,0
17820,17820,2013-01-11,1,AUTOMOTIVE,3.0,0
19602,19602,2013-01-12,1,AUTOMOTIVE,2.0,0
21384,21384,2013-01-13,1,AUTOMOTIVE,2.0,0
23166,23166,2013-01-14,1,AUTOMOTIVE,2.0,0
24948,24948,2013-01-15,1,AUTOMOTIVE,1.0,0
26730,26730,2013-01-16,1,AUTOMOTIVE,1.0,0
28512,28512,2013-01-17,1,AUTOMOTIVE,1.0,0
30294,30294,2013-01-18,1,AUTOMOTIVE,0.0,0
32076,32076,2013-01-19,1,AUTOMOTIVE,5.0,0
33858,33858,2013-01-20,1,AUTOMOTIVE,3.0,0
35640,35640,2013-01-21,1,AUTOMOTIVE,1.0,0
37422,37422,2013-01-22,1,AUTOMOTIVE,1.0,0
39204,39204,2013-01-23,1,AUTOMOTIVE,3.0,0
40986,40986,2013-01-24,1,AUTOMOTIVE,0.0,0
42768,42768,2013-01-25,1,AUTOMOTIVE,5.0,0
44550,44550,2013-01-26,1,AUTOMOTIVE,4.0,0
46332,46332,2013-01-27,1,AUTOMOTIVE,2.0,0
48114,48114,2013-01-28,1,AUTOMOTIVE,3.0,0
49896,49896,2013-01-29,1,AUTOMOTIVE,2.0,0
51678,51678,2013-01-30,1,AUTOMOTIVE,6.0,0
53460,53460,2013-01-31,1,AUTOMOTIVE,0.0,0
55242,55242,2013-02-01,1,AUTOMOTIVE,3.0,0
57024,57024,2013-02-02,1,AUTOMOTIVE,0.0,0
58806,58806,2013-02-03,1,AUTOMOTIVE,0.0,0
60588,60588,2013-02-04,1,AUTOMOTIVE,5.0,0
62370,62370,2013-02-05,1,AUTOMOTIVE,0.0,0
64152,64152,2013-02-06,1,AUTOMOTIVE,1.0,0
65934,65934,2013-02-07,1,AUTOMOTIVE,1.0,0
67716,67716,2013-02-08,1,AUTOMOTIVE,2.0,0
69498,69498,2013-02-09,1,AUTOMOTIVE,4.0,0
71280,71280,2013-02-10,1,AUTOMOTIVE,1.0,0
73062,73062,2013-02-11,1,AUTOMOTIVE,0.0,0
74844,74844,2013-02-12,1,AUTOMOTIVE,0.0,0
76626,76626,2013-02-13,1,AUTOMOTIVE,0.0,0
78408,78408,2013-02-14,1,AUTOMOTIVE,0.0,0
80190,80190,2013-02-15,1,AUTOMOTIVE,0.0,0
81972,81972,2013-02-16,1,AUTOMOTIVE,1.0,0
83754,83754,2013-02-17,1,AUTOMOTIVE,1.0,0
85536,85536,2013-02-18,1,AUTOMOTIVE,2.0,0
87318,87318,2013-02-19,1,AUTOMOTIVE,4.0,0
89100,89100,2013-02-20,1,AUTOMOTIVE,2.0,0
90882,90882,2013-02-21,1,AUTOMOTIVE,1.0,0
92664,92664,2013-02-22,1,AUTOMOTIVE,2.0,0
94446,94446,2013-02-23,1,AUTOMOTIVE,4.0,0
96228,96228,2013-02-24,1,AUTOMOTIVE,0.0,0
98010,98010,2013-02-25,1,AUTOMOTIVE,1.0,0
99792,99792,2013-02-26,1,AUTOMOTIVE,0.0,0
101574,101574,2013-02-27,1,AUTOMOTIVE,2.0,0
103356,103356,2013-02-28,1,AUTOMOTIVE,1.0,0
105138,105138,2013-03-01,1,AUTOMOTIVE,2.0,0
106920,106920,2013-03-02,1,AUTOMOTIVE,1.0,0
108702,108702,2013-03-03,1,AUTOMOTIVE,2.0,0
110484,110484,2013-03-04,1,AUTOMOTIVE,5.0,0
112266,112266,2013-03-05,1,AUTOMOTIVE,0.0,0
114048,114048,2013-03-06,1,AUTOMOTIVE,0.0,0
115830,115830,2013-03-07,1,AUTOMOTIVE,0.0,0
117612,117612,2013-03-08,1,AUTOMOTIVE,0.0,0
119394,119394,2013-03-09,1,AUTOMOTIVE,2.0,0
121176,121176,2013-03-10,1,AUTOMOTIVE,0.0,0
122958,122958,2013-03-11,1,AUTOMOTIVE,2.0,0
124740,124740,2013-03-12,1,AUTOMOTIVE,5.0,0
126522,126522,2013-03-13,1,AUTOMOTIVE,2.0,0
128304,128304,2013-03-14,1,AUTOMOTIVE,3.0,0
130086,130086,2013-03-15,1,AUTOMOTIVE,3.0,0
131868,131868,2013-03-16,1,AUTOMOTIVE,1.0,0
133650,133650,2013-03-17,1,AUTOMOTIVE,1.0,0
135432,135432,2013-03-18,1,AUTOMOTIVE,4.0,0
137214,137214,2013-03-19,1,AUTOMOTIVE,1.0,0
138996,138996,2013-03-20,1,AUTOMOTIVE,0.0,0
140778,140778,2013-03-21,1,AUTOMOTIVE,1.0,0
142560,142560,2013-03-22,1,AUTOMOTIVE,0.0,0
144342,144342,2013-03-23,1,AUTOMOTIVE,0.0,0
146124,146124,2013-03-24,1,AUTOMOTIVE,1.0,0
147906,147906,2013-03-25,1,AUTOMOTIVE,4.0,0
149688,149688,2013-03-26,1,AUTOMOTIVE,10.0,0
151470,151470,2013-03-27,1,AUTOMOTIVE,3.0,0
153252,153252,2013-03-28,1,AUTOMOTIVE,2.0,0
155034,155034,2013-03-29,1,AUTOMOTIVE,1.0,0
156816,156816,2013-03-30,1,AUTOMOTIVE,2.0,0
158598,158598,2013-03-31,1,AUTOMOTIVE,1.0,0
160380,160380,2013-04-01,1,AUTOMOTIVE,0.0,0
162162,162162,2013-04-02,1,AUTOMOTIVE,7.0,0
163944,163944,2013-04-03,1,AUTOMOTIVE,4.0,0
165726,165726,2013-04-04,1,AUTOMOTIVE,0.0,0
167508,167508,2013-04-05,1,AUTOMOTIVE,2.0,0
169290,169290,2013-04-06,1,AUTOMOTIVE,2.0,0
171072,171072,2013-04-07,1,AUTOMOTIVE,0.0,0
172854,172854,2013-04-08,1,AUTOMOTIVE,3.0,0
174636,174636,2013-04-09,1,AUTOMOTIVE,4.0,0
176418,176418,2013-04-10,1,AUTOMOTIVE,3.0,0
178200,178200,2013-04-11,1,AUTOMOTIVE,5.0,0
179982,179982,2013-04-12,1,AUTOMOTIVE,3.0,0
181764,181764,2013-04-13,1,AUTOMOTIVE,0.0,0
183546,183546,2013-04-14,1,AUTOMOTIVE,0.0,0
185328,185328,2013-04-15,1,AUTOMOTIVE,1.0,0
187110,187110,2013-04-16,1,AUTOMOTIVE,3.0,0
188892,188892,2013-04-17,1,AUTOMOTIVE,4.0,0
190674,190674,2013-04-18,1,AUTOMOTIVE,0.0,0
192456,192456,2013-04-19,1,AUTOMOTIVE,4.0,0
194238,194238,2013-04-20,1,AUTOMOTIVE,3.0,0
196020,196020,2013-04-21,1,AUTOMOTIVE,1.0,0
197802,197802,2013-04-22,1,AUTOMOTIVE,2.0,0
199584,199584,2013-04-23,1,AUTOMOTIVE,5.0,0
201366,201366,2013-04-24,1,AUTOMOTIVE,3.0,0
203148,203148,2013-04-25,1,AUTOMOTIVE,2.0,0
204930,204930,2013-04-26,1,AUTOMOTIVE,3.0,0
206712,206712,2013-04-27,1,AUTOMOTIVE,1.0,0
208494,208494,2013-04-28,1,AUTOMOTIVE,0.0,0
210276,210276,2013-04-29,1,AUTOMOTIVE,0.0,0
212058,212058,2013-04-30,1,AUTOMOTIVE,1.0,0
213840,213840,2013-05-01,1,AUTOMOTIVE,0.0,0
215622,215622,2013-05-02,1,AUTOMOTIVE,3.0,0
217404,217404,2013-05-03,1,AUTOMOTIVE,1.0,0
219186,219186,2013-05-04,1,AUTOMOTIVE,5.0,0
220968,220968,2013-05-05,1,AUTOMOTIVE,0.0,0
222750,222750,2013-05-06,1,AUTOMOTIVE,1.0,0
224532,224532,2013-05-07,1,AUTOMOTIVE,1.0,0
226314,226314,2013-05-08,1,AUTOMOTIVE,4.0,0
228096,228096,2013-05-09,1,AUTOMOTIVE,2.0,0
229878,229878,2013-05-10,1,AUTOMOTIVE,2.0,0
231660,231660,2013-05-11,1,AUTOMOTIVE,4.0,0
233442,233442,2013-05-12,1,AUTOMOTIVE,1.0,0
235224,235224,2013-05-13,1,AUTOMOTIVE,2.0,0
237006,237006,2013-05-14,1,AUTOMOTIVE,1.0,0
238788,238788,2013-05-15,1,AUTOMOTIVE,2.0,0
240570,240570,2013-05-16,1,AUTOMOTIVE,3.0,0
242352,242352,2013-05-17,1,AUTOMOTIVE,12.0,0
244134,244134,2013-05-18,1,AUTOMOTIVE,1.0,0
245916,245916,2013-05-19,1,AUTOMOTIVE,4.0,0
247698,247698,2013-05-20,1,AUTOMOTIVE,3.0,0
249480,249480,2013-05-21,1,AUTOMOTIVE,3.0,0
251262,251262,2013-05-22,1,AUTOMOTIVE,1.0,0
253044,253044,2013-05-23,1,AUTOMOTIVE,6.0,0
254826,254826,2013-05-24,1,AUTOMOTIVE,2.0,0
256608,256608,2013-05-25,1,AUTOMOTIVE,1.0,0
258390,258390,2013-05-26,1,AUTOMOTIVE,2.0,0
260172,260172,2013-05-27,1,AUTOMOTIVE,3.0,0
261954,261954,2013-05-28,1,AUTOMOTIVE,1.0,0
263736,263736,2013-05-29,1,AUTOMOTIVE,3.0,0
265518,265518,2013-05-30,1,AUTOMOTIVE,3.0,0
267300,267300,2013-05-31,1,AUTOMOTIVE,2.0,0
269082,269082,2013-06-01,1,AUTOMOTIVE,3.0,0
270864,270864,2013-06-02,1,AUTOMOTIVE,0.0,0
272646,272646,2013-06-03,1,AUTOMOTIVE,3.0,0
274428,274428,2013-06-04,1,AUTOMOTIVE,3.0,0
276210,276210,2013-06-05,1,AUTOMOTIVE,6.0,0
277992,277992,2013-06-06,1,AUTOMOTIVE,1.0,0
279774,279774,2013-06-07,1,AUTOMOTIVE,3.0,0
281556,281556,2013-06-08,1,AUTOMOTIVE,2.0,0
283338,283338,2013-06-09,1,AUTOMOTIVE,0.0,0
285120,285120,2013-06-10,1,AUTOMOTIVE,1.0,0
286902,286902,2013-06-11,1,AUTOMOTIVE,2.0,0
288684,288684,2013-06-12,1,AUTOMOTIVE,2.0,0
290466,290466,2013-06-13,1,AUTOMOTIVE,0.0,0
292248,292248,2013-06-14,1,AUTOMOTIVE,1.0,0
294030,294030,2013-06-15,1,AUTOMOTIVE,3.0,0
295812,295812,2013-06-16,1,AUTOMOTIVE,0.0,0
297594,297594,2013-06-17,1,AUTOMOTIVE,3.0,0
299376,299376,2013-06-18,1,AUTOMOTIVE,4.0,0
301158,301158,2013-06-19,1,AUTOMOTIVE,4.0,0
302940,302940,2013-06-20,1,AUTOMOTIVE,0.0,0
304722,304722,2013-06-21,1,AUTOMOTIVE,5.0,0
306504,306504,2013-06-22,1,AUTOMOTIVE,4.0,0
308286,308286,2013-06-23,1,AUTOMOTIVE,3.0,0
310068,310068,2013-06-24,1,AUTOMOTIVE,1.0,0
311850,311850,2013-06-25,1,AUTOMOTIVE,2.0,0
313632,313632,2013-06-26,1,AUTOMOTIVE,2.0,0
315414,315414,2013-06-27,1,AUTOMOTIVE,3.0,0
317196,317196,2013-06-28,1,AUTOMOTIVE,0.0,0
318978,318978,2013-06-29,1,AUTOMOTIVE,5.0,0
320760,320760,2013-06-30,1,AUTOMOTIVE,0.0,0
322542,322542,2013-07-01,1,AUTOMOTIVE,0.0,0
324324,324324,2013-07-02,1,AUTOMOTIVE,0.0,0
326106,326106,2013-07-03,1,AUTOMOTIVE,1.0,0
327888,327888,2013-07-04,1,AUTOMOTIVE,1.0,0
329670,329670,2013-07-05,1,AUTOMOTIVE,1.0,0
331452,331452,2013-07-06,1,AUTOMOTIVE,0.0,0
333234,333234,2013-07-07,1,AUTOMOTIVE,1.0,0
335016,335016,2013-07-08,1,AUTOMOTIVE,3.0,0
336798,336798,2013-07-09,1,AUTOMOTIVE,11.0,0
338580,338580,2013-07-10,1,AUTOMOTIVE,2.0,0
340362,340362,2013-07-11,1,AUTOMOTIVE,2.0,0
342144,342144,2013-07-12,1,AUTOMOTIVE,6.0,0
343926,343926,2013-07-13,1,AUTOMOTIVE,2.0,0
345708,345708,2013-07-14,1,AUTOMOTIVE,1.0,0
347490,347490,2013-07-15,1,AUTOMOTIVE,2.0,0
349272,349272,2013-07-16,1,AUTOMOTIVE,2.0,0
351054,351054,2013-07-17,1,AUTOMOTIVE,2.0,0
352836,352836,2013-07-18,1,AUTOMOTIVE,2.0,0
354618,354618,2013-07-19,1,AUTOMOTIVE,5.0,0
356400,356400,2013-07-20,1,AUTOMOTIVE,1.0,0
358182,358182,2013-07-21,1,AUTOMOTIVE,1.0,0
359964,359964,2013-07-22,1,AUTOMOTIVE,2.0,0
361746,361746,2013-07-23,1,AUTOMOTIVE,3.0,0
363528,363528,2013-07-24,1,AUTOMOTIVE,7.0,0
365310,365310,2013-07-25,1,AUTOMOTIVE,1.0,0
367092,367092,2013-07-26,1,AUTOMOTIVE,4.0,0
368874,368874,2013-07-27,1,AUTOMOTIVE,2.0,0
370656,370656,2013-07-28,1,AUTOMOTIVE,0.0,0
372438,372438,2013-07-29,1,AUTOMOTIVE,3.0,0
374220,374220,2013-07-30,1,AUTOMOTIVE,0.0,0
376002,376002,2013-07-31,1,AUTOMOTIVE,2.0,0
377784,377784,2013-08-01,1,AUTOMOTIVE,2.0,0
379566,379566,2013-08-02,1,AUTOMOTIVE,12.0,0
381348,381348,2013-08-03,1,AUTOMOTIVE,0.0,0
383130,383130,2013-08-04,1,AUTOMOTIVE,2.0,0
384912,384912,2013-08-05,1,AUTOMOTIVE,6.0,0
386694,386694,2013-08-06,1,AUTOMOTIVE,2.0,0
388476,388476,2013-08-07,1,AUTOMOTIVE,5.0,0
390258,390258,2013-08-08,1,AUTOMOTIVE,1.0,0
392040,392040,2013-08-09,1,AUTOMOTIVE,4.0,0
393822,393822,2013-08-10,1,AUTOMOTIVE,4.0,0
395604,395604,2013-08-11,1,AUTOMOTIVE,1.0,0
397386,397386,2013-08-12,1,AUTOMOTIVE,2.0,0
399168,399168,2013-08-13,1,AUTOMOTIVE,14.0,0
400950,400950,2013-08-14,1,AUTOMOTIVE,3.0,0
402732,402732,2013-08-15,1,AUTOMOTIVE,2.0,0
404514,404514,2013-08-16,1,AUTOMOTIVE,2.0,0
406296,406296,2013-08-17,1,AUTOMOTIVE,3.0,0
408078,408078,2013-08-18,1,AUTOMOTIVE,2.0,0
409860,409860,2013-08-19,1,AUTOMOTIVE,1.0,0
411642,411642,2013-08-20,1,AUTOMOTIVE,1.0,0
413424,413424,2013-08-21,1,AUTOMOTIVE,4.0,0
415206,415206,2013-08-22,1,AUTOMOTIVE,4.0,0
416988,416988,2013-08-23,1,AUTOMOTIVE,2.0,0
418770,418770,2013-08-24,1,AUTOMOTIVE,2.0,0
420552,420552,2013-08-25,1,AUTOMOTIVE,0.0,0
422334,422334,2013-08-26,1,AUTOMOTIVE,2.0,0
424116,424116,2013-08-27,1,AUTOMOTIVE,3.0,0
425898,425898,2013-08-28,1,AUTOMOTIVE,4.0,0
427680,427680,2013-08-29,1,AUTOMOTIVE,1.0,0
429462,429462,2013-08-30,1,AUTOMOTIVE,0.0,0
431244,431244,2013-08-31,1,AUTOMOTIVE,7.0,0
433026,433026,2013-09-01,1,AUTOMOTIVE,0.0,0
434808,434808,2013-09-02,1,AUTOMOTIVE,2.0,0
436590,436590,2013-09-03,1,AUTOMOTIVE,3.0,0
438372,438372,2013-09-04,1,AUTOMOTIVE,2.0,0
440154,440154,2013-09-05,1,AUTOMOTIVE,3.0,0
441936,441936,2013-09-06,1,AUTOMOTIVE,2.0,0
443718,443718,2013-09-07,1,AUTOMOTIVE,1.0,0
445500,445500,2013-09-08,1,AUTOMOTIVE,2.0,0
447282,447282,2013-09-09,1,AUTOMOTIVE,1.0,0
449064,449064,2013-09-10,1,AUTOMOTIVE,1.0,0
450846,450846,2013-09-11,1,AUTOMOTIVE,4.0,0
452628,452628,2013-09-12,1,AUTOMOTIVE,9.0,0
454410,454410,2013-09-13,1,AUTOMOTIVE,3.0,0
456192,456192,2013-09-14,1,AUTOMOTIVE,4.0,0
457974,457974,2013-09-15,1,AUTOMOTIVE,0.0,0
459756,459756,2013-09-16,1,AUTOMOTIVE,1.0,0
461538,461538,2013-09-17,1,AUTOMOTIVE,0.0,0
463320,463320,2013-09-18,1,AUTOMOTIVE,0.0,0
465102,465102,2013-09-19,1,AUTOMOTIVE,2.0,0
466884,466884,2013-09-20,1,AUTOMOTIVE,5.0,0
468666,468666,2013-09-21,1,AUTOMOTIVE,2.0,0
470448,470448,2013-09-22,1,AUTOMOTIVE,1.0,0
472230,472230,2013-09-23,1,AUTOMOTIVE,1.0,0
474012,474012,2013-09-24,1,AUTOMOTIVE,1.0,0
475794,475794,2013-09-25,1,AUTOMOTIVE,4.0,0
477576,477576,2013-09-26,1,AUTOMOTIVE,1.0,0
479358,479358,2013-09-27,1,AUTOMOTIVE,0.0,0
481140,481140,2013-09-28,1,AUTOMOTIVE,2.0,0
482922,482922,2013-09-29,1,AUTOMOTIVE,1.0,0
484704,484704,2013-09-30,1,AUTOMOTIVE,5.0,0
486486,486486,2013-10-01,1,AUTOMOTIVE,1.0,0
488268,488268,2013-10-02,1,AUTOMOTIVE,5.0,0
490050,490050,2013-10-03,1,AUTOMOTIVE,0.0,0
491832,491832,2013-10-04,1,AUTOMOTIVE,4.0,0
493614,493614,2013-10-05,1,AUTOMOTIVE,1.0,0
495396,495396,2013-10-06,1,AUTOMOTIVE,1.0,0
497178,497178,2013-10-07,1,AUTOMOTIVE,0.0,0
498960,498960,2013-10-08,1,AUTOMOTIVE,0.0,0
500742,500742,2013-10-09,1,AUTOMOTIVE,5.0,0
502524,502524,2013-10-10,1,AUTOMOTIVE,1.0,0
504306,504306,2013-10-11,1,AUTOMOTIVE,0.0,0
506088,506088,2013-10-12,1,AUTOMOTIVE,4.0,0
507870,507870,2013-10-13,1,AUTOMOTIVE,0.0,0
509652,509652,2013-10-14,1,AUTOMOTIVE,1.0,0
511434,511434,2013-10-15,1,AUTOMOTIVE,1.0,0
513216,513216,2013-10-16,1,AUTOMOTIVE,3.0,0
514998,514998,2013-10-17,1,AUTOMOTIVE,3.0,0
516780,516780,2013-10-18,1,AUTOMOTIVE,2.0,0
518562,518562,2013-10-19,1,AUTOMOTIVE,1.0,0
520344,520344,2013-10-20,1,AUTOMOTIVE,1.0,0
522126,522126,2013-10-21,1,AUTOMOTIVE,1.0,0
523908,523908,2013-10-22,1,AUTOMOTIVE,7.0,0
525690,525690,2013-10-23,1,AUTOMOTIVE,1.0,0
527472,527472,2013-10-24,1,AUTOMOTIVE,2.0,0
529254,529254,2013-10-25,1,AUTOMOTIVE,2.0,0
531036,531036,2013-10-26,1,AUTOMOTIVE,1.0,0
532818,532818,2013-10-27,1,AUTOMOTIVE,0.0,0
534600,534600,2013-10-28,1,AUTOMOTIVE,0.0,0
536382,536382,2013-10-29,1,AUTOMOTIVE,4.0,0
538164,538164,2013-10-30,1,AUTOMOTIVE,2.0,0
539946,539946,2013-10-31,1,AUTOMOTIVE,0.0,0
541728,541728,2013-11-01,1,AUTOMOTIVE,3.0,0
543510,543510,2013-11-02,1,AUTOMOTIVE,4.0,0
545292,545292,2013-11-03,1,AUTOMOTIVE,2.0,0
547074,547074,2013-11-04,1,AUTOMOTIVE,5.0,0
548856,548856,2013-11-05,1,AUTOMOTIVE,1.0,0
550638,550638,2013-11-06,1,AUTOMOTIVE,3.0,0
552420,552420,2013-11-07,1,AUTOMOTIVE,2.0,0
554202,554202,2013-11-08,1,AUTOMOTIVE,5.0,0
555984,555984,2013-11-09,1,AUTOMOTIVE,2.0,0
557766,557766,2013-11-10,1,AUTOMOTIVE,1.0,0
559548,559548,2013-11-11,1,AUTOMOTIVE,0.0,0
561330,561330,2013-11-12,1,AUTOMOTIVE,1.0,0
563112,563112,2013-11-13,1,AUTOMOTIVE,3.0,0
564894,564894,2013-11-14,1,AUTOMOTIVE,1.0,0
566676,566676,2013-11-15,1,AUTOMOTIVE,4.0,0
568458,568458,2013-11-16,1,AUTOMOTIVE,1.0,0
570240,570240,2013-11-17,1,AUTOMOTIVE,0.0,0
572022,572022,2013-11-18,1,AUTOMOTIVE,1.0,0
573804,573804,2013-11-19,1,AUTOMOTIVE,4.0,0
575586,575586,2013-11-20,1,AUTOMOTIVE,6.0,0
577368,577368,2013-11-21,1,AUTOMOTIVE,3.0,0
579150,579150,2013-11-22,1,AUTOMOTIVE,2.0,0
580932,580932,2013-11-23,1,AUTOMOTIVE,2.0,0
582714,582714,2013-11-24,1,AUTOMOTIVE,0.0,0
584496,584496,2013-11-25,1,AUTOMOTIVE,1.0,0
586278,586278,2013-11-26,1,AUTOMOTIVE,2.0,0
588060,588060,2013-11-27,1,AUTOMOTIVE,2.0,0
589842,589842,2013-11-28,1,AUTOMOTIVE,1.0,0
591624,591624,2013-11-29,1,AUTOMOTIVE,1.0,0
593406,593406,2013-11-30,1,AUTOMOTIVE,0.0,0
595188,595188,2013-12-01,1,AUTOMOTIVE,0.0,0
596970,596970,2013-12-02,1,AUTOMOTIVE,3.0,0
598752,598752,2013-12-03,1,AUTOMOTIVE,2.0,0
600534,600534,2013-12-04,1,AUTOMOTIVE,1.0,0
602316,602316,2013-12-05,1,AUTOMOTIVE,0.0,0
604098,604098,2013-12-06,1,AUTOMOTIVE,2.0,0
605880,605880,2013-12-07,1,AUTOMOTIVE,2.0,0
607662,607662,2013-12-08,1,AUTOMOTIVE,0.0,0
609444,609444,2013-12-09,1,AUTOMOTIVE,3.0,0
611226,611226,2013-12-10,1,AUTOMOTIVE,3.0,0
613008,613008,2013-12-11,1,AUTOMOTIVE,4.0,0
614790,614790,2013-12-12,1,AUTOMOTIVE,2.0,0
616572,616572,2013-12-13,1,AUTOMOTIVE,3.0,0
618354,618354,2013-12-14,1,AUTOMOTIVE,0.0,0
620136,620136,2013-12-15,1,AUTOMOTIVE,0.0,0
621918,621918,2013-12-16,1,AUTOMOTIVE,1.0,0
623700,623700,2013-12-17,1,AUTOMOTIVE,3.0,0
625482,625482,2013-12-18,1,AUTOMOTIVE,1.0,0
627264,627264,2013-12-19,1,AUTOMOTIVE,0.0,0
629046,629046,2013-12-20,1,AUTOMOTIVE,5.0,0
630828,630828,2013-12-21,1,AUTOMOTIVE,5.0,0
632610,632610,2013-12-22,1,AUTOMOTIVE,0.0,0
634392,634392,2013-12-23,1,AUTOMOTIVE,1.0,0
636174,636174,2013-12-24,1,AUTOMOTIVE,1.0,0
637956,637956,2013-12-26,1,AUTOMOTIVE,2.0,0
639738,639738,2013-12-27,1,AUTOMOTIVE,6.0,0
641520,641520,2013-12-28,1,AUTOMOTIVE,4.0,0
643302,643302,2013-12-29,1,AUTOMOTIVE,0.0,0
645084,645084,2013-12-30,1,AUTOMOTIVE,1.0,0
646866,646866,2013-12-31,1,AUTOMOTIVE,2.0,0
648648,648648,2014-01-01,1,AUTOMOTIVE,0.0,0
650430,650430,2014-01-02,1,AUTOMOTIVE,3.0,0
652212,652212,2014-01-03,1,AUTOMOTIVE,0.0,0
653994,653994,2014-01-04,1,AUTOMOTIVE,0.0,0
655776,655776,2014-01-05,1,AUTOMOTIVE,1.0,0
657558,657558,2014-01-06,1,AUTOMOTIVE,6.0,0
659340,659340,2014-01-07,1,AUTOMOTIVE,2.0,0
661122,661122,2014-01-08,1,AUTOMOTIVE,0.0,0
662904,662904,2014-01-09,1,AUTOMOTIVE,2.0,0
664686,664686,2014-01-10,1,AUTOMOTIVE,2.0,0
666468,666468,2014-01-11,1,AUTOMOTIVE,4.0,0
668250,668250,2014-01-12,1,AUTOMOTIVE,2.0,0
670032,670032,2014-01-13,1,AUTOMOTIVE,3.0,0
671814,671814,2014-01-14,1,AUTOMOTIVE,1.0,0
673596,673596,2014-01-15,1,AUTOMOTIVE,2.0,0
675378,675378,2014-01-16,1,AUTOMOTIVE,4.0,0
677160,677160,2014-01-17,1,AUTOMOTIVE,2.0,0
678942,678942,2014-01-18,1,AUTOMOTIVE,4.0,0
680724,680724,2014-01-19,1,AUTOMOTIVE,0.0,0
682506,682506,2014-01-20,1,AUTOMOTIVE,2.0,0
684288,684288,2014-01-21,1,AUTOMOTIVE,9.0,0
686070,686070,2014-01-22,1,AUTOMOTIVE,5.0,0
687852,687852,2014-01-23,1,AUTOMOTIVE,0.0,0
689634,689634,2014-01-24,1,AUTOMOTIVE,4.0,0
691416,691416,2014-01-25,1,AUTOMOTIVE,5.0,0
693198,693198,2014-01-26,1,AUTOMOTIVE,1.0,0
694980,694980,2014-01-27,1,AUTOMOTIVE,1.0,0
696762,696762,2014-01-28,1,AUTOMOTIVE,0.0,0
698544,698544,2014-01-29,1,AUTOMOTIVE,4.0,0
700326,700326,2014-01-30,1,AUTOMOTIVE,2.0,0
702108,702108,2014-01-31,1,AUTOMOTIVE,4.0,0
703890,703890,2014-02-01,1,AUTOMOTIVE,2.0,0
705672,705672,2014-02-02,1,AUTOMOTIVE,2.0,0
707454,707454,2014-02-03,1,AUTOMOTIVE,0.0,0
709236,709236,2014-02-04,1,AUTOMOTIVE,14.0,0
711018,711018,2014-02-05,1,AUTOMOTIVE,3.0,0
712800,712800,2014-02-06,1,AUTOMOTIVE,1.0,0
714582,714582,2014-02-07,1,AUTOMOTIVE,6.0,0
716364,716364,2014-02-08,1,AUTOMOTIVE,1.0,0
718146,718146,2014-02-09,1,AUTOMOTIVE,1.0,0
719928,719928,2014-02-10,1,AUTOMOTIVE,3.0,0
721710,721710,2014-02-11,1,AUTOMOTIVE,5.0,0
723492,723492,2014-02-12,1,AUTOMOTIVE,2.0,0
725274,725274,2014-02-13,1,AUTOMOTIVE,1.0,0
727056,727056,2014-02-14,1,AUTOMOTIVE,7.0,0
728838,728838,2014-02-15,1,AUTOMOTIVE,5.0,0
730620,730620,2014-02-16,1,AUTOMOTIVE,0.0,0
732402,732402,2014-02-17,1,AUTOMOTIVE,1.0,0
734184,734184,2014-02-18,1,AUTOMOTIVE,7.0,0
735966,735966,2014-02-19,1,AUTOMOTIVE,5.0,0
737748,737748,2014-02-20,1,AUTOMOTIVE,2.0,0
739530,739530,2014-02-21,1,AUTOMOTIVE,1.0,0
741312,741312,2014-02-22,1,AUTOMOTIVE,2.0,0
743094,743094,2014-02-23,1,AUTOMOTIVE,0.0,0
744876,744876,2014-02-24,1,AUTOMOTIVE,3.0,0
746658,746658,2014-02-25,1,AUTOMOTIVE,2.0,0
748440,748440,2014-02-26,1,AUTOMOTIVE,6.0,0
750222,750222,2014-02-27,1,AUTOMOTIVE,0.0,0
752004,752004,2014-02-28,1,AUTOMOTIVE,3.0,0
753786,753786,2014-03-01,1,AUTOMOTIVE,4.0,0
755568,755568,2014-03-02,1,AUTOMOTIVE,1.0,0
757350,757350,2014-03-03,1,AUTOMOTIVE,0.0,0
759132,759132,2014-03-04,1,AUTOMOTIVE,3.0,0
760914,760914,2014-03-05,1,AUTOMOTIVE,3.0,0
762696,762696,2014-03-06,1,AUTOMOTIVE,6.0,0
764478,764478,2014-03-07,1,AUTOMOTIVE,7.0,0
766260,766260,2014-03-08,1,AUTOMOTIVE,3.0,0
768042,768042,2014-03-09,1,AUTOMOTIVE,0.0,0
769824,769824,2014-03-10,1,AUTOMOTIVE,3.0,0
771606,771606,2014-03-11,1,AUTOMOTIVE,8.0,0
773388,773388,2014-03-12,1,AUTOMOTIVE,2.0,0
775170,775170,2014-03-13,1,AUTOMOTIVE,2.0,0
776952,776952,2014-03-14,1,AUTOMOTIVE,1.0,0
778734,778734,2014-03-15,1,AUTOMOTIVE,9.0,0
780516,780516,2014-03-16,1,AUTOMOTIVE,1.0,0
782298,782298,2014-03-17,1,AUTOMOTIVE,6.0,0
784080,784080,2014-03-18,1,AUTOMOTIVE,1.0,0
785862,785862,2014-03-19,1,AUTOMOTIVE,2.0,0
787644,787644,2014-03-20,1,AUTOMOTIVE,1.0,0
789426,789426,2014-03-21,1,AUTOMOTIVE,1.0,0
791208,791208,2014-03-22,1,AUTOMOTIVE,4.0,0
792990,792990,2014-03-23,1,AUTOMOTIVE,0.0,0
794772,794772,2014-03-24,1,AUTOMOTIVE,6.0,0
796554,796554,2014-03-25,1,AUTOMOTIVE,3.0,0
798336,798336,2014-03-26,1,AUTOMOTIVE,3.0,0
800118,800118,2014-03-27,1,AUTOMOTIVE,4.0,0
801900,801900,2014-03-28,1,AUTOMOTIVE,6.0,0
803682,803682,2014-03-29,1,AUTOMOTIVE,3.0,0
805464,805464,2014-03-30,1,AUTOMOTIVE,2.0,0
807246,807246,2014-03-31,1,AUTOMOTIVE,2.0,0
809028,809028,2014-04-01,1,AUTOMOTIVE,10.0,0
810810,810810,2014-04-02,1,AUTOMOTIVE,6.0,0
812592,812592,2014-04-03,1,AUTOMOTIVE,4.0,0
814374,814374,2014-04-04,1,AUTOMOTIVE,4.0,0
816156,816156,2014-04-05,1,AUTOMOTIVE,4.0,0
817938,817938,2014-04-06,1,AUTOMOTIVE,1.0,0
819720,819720,2014-04-07,1,AUTOMOTIVE,5.0,0
821502,821502,2014-04-08,1,AUTOMOTIVE,2.0,0
823284,823284,2014-04-09,1,AUTOMOTIVE,0.0,0
825066,825066,2014-04-10,1,AUTOMOTIVE,0.0,0
826848,826848,2014-04-11,1,AUTOMOTIVE,1.0,0
828630,828630,2014-04-12,1,AUTOMOTIVE,3.0,0
830412,830412,2014-04-13,1,AUTOMOTIVE,1.0,0
832194,832194,2014-04-14,1,AUTOMOTIVE,6.0,0
833976,833976,2014-04-15,1,AUTOMOTIVE,4.0,0
835758,835758,2014-04-16,1,AUTOMOTIVE,1.0,0
837540,837540,2014-04-17,1,AUTOMOTIVE,1.0,0
839322,839322,2014-04-18,1,AUTOMOTIVE,2.0,0
841104,841104,2014-04-19,1,AUTOMOTIVE,0.0,0
842886,842886,2014-04-20,1,AUTOMOTIVE,0.0,0
844668,844668,2014-04-21,1,AUTOMOTIVE,2.0,0
846450,846450,2014-04-22,1,AUTOMOTIVE,4.0,0
848232,848232,2014-04-23,1,AUTOMOTIVE,1.0,0
850014,850014,2014-04-24,1,AUTOMOTIVE,3.0,0
851796,851796,2014-04-25,1,AUTOMOTIVE,4.0,0
853578,853578,2014-04-26,1,AUTOMOTIVE,2.0,0
855360,855360,2014-04-27,1,AUTOMOTIVE,1.0,0
857142,857142,2014-04-28,1,AUTOMOTIVE,1.0,0
858924,858924,2014-04-29,1,AUTOMOTIVE,2.0,0
860706,860706,2014-04-30,1,AUTOMOTIVE,1.0,0
862488,862488,2014-05-01,1,AUTOMOTIVE,0.0,0
864270,864270,2014-05-02,1,AUTOMOTIVE,5.0,0
866052,866052,2014-05-03,1,AUTOMOTIVE,0.0,0
867834,867834,2014-05-04,1,AUTOMOTIVE,0.0,0
869616,869616,2014-05-05,1,AUTOMOTIVE,0.0,0
871398,871398,2014-05-06,1,AUTOMOTIVE,0.0,0
873180,873180,2014-05-07,1,AUTOMOTIVE,3.0,0
874962,874962,2014-05-08,1,AUTOMOTIVE,7.0,0
876744,876744,2014-05-09,1,AUTOMOTIVE,0.0,0
878526,878526,2014-05-10,1,AUTOMOTIVE,5.0,0
880308,880308,2014-05-11,1,AUTOMOTIVE,1.0,0
882090,882090,2014-05-12,1,AUTOMOTIVE,3.0,0
883872,883872,2014-05-13,1,AUTOMOTIVE,7.0,0
885654,885654,2014-05-14,1,AUTOMOTIVE,0.0,0
887436,887436,2014-05-15,1,AUTOMOTIVE,2.0,0
889218,889218,2014-05-16,1,AUTOMOTIVE,0.0,0
891000,891000,2014-05-17,1,AUTOMOTIVE,2.0,0
892782,892782,2014-05-18,1,AUTOMOTIVE,0.0,0
894564,894564,2014-05-19,1,AUTOMOTIVE,0.0,0
896346,896346,2014-05-20,1,AUTOMOTIVE,3.0,0
898128,898128,2014-05-21,1,AUTOMOTIVE,6.0,0
899910,899910,2014-05-22,1,AUTOMOTIVE,4.0,0
901692,901692,2014-05-23,1,AUTOMOTIVE,4.0,0
903474,903474,2014-05-24,1,AUTOMOTIVE,2.0,0
905256,905256,2014-05-25,1,AUTOMOTIVE,1.0,0
907038,907038,2014-05-26,1,AUTOMOTIVE,1.0,0
908820,908820,2014-05-27,1,AUTOMOTIVE,3.0,0
910602,910602,2014-05-28,1,AUTOMOTIVE,0.0,0
912384,912384,2014-05-29,1,AUTOMOTIVE,2.0,0
914166,914166,2014-05-30,1,AUTOMOTIVE,1.0,0
915948,915948,2014-05-31,1,AUTOMOTIVE,1.0,0
917730,917730,2014-06-01,1,AUTOMOTIVE,0.0,0
919512,919512,2014-06-02,1,AUTOMOTIVE,2.0,0
921294,921294,2014-06-03,1,AUTOMOTIVE,2.0,0
923076,923076,2014-06-04,1,AUTOMOTIVE,0.0,0
924858,924858,2014-06-05,1,AUTOMOTIVE,0.0,0
926640,926640,2014-06-06,1,AUTOMOTIVE,0.0,0
928422,928422,2014-06-07,1,AUTOMOTIVE,0.0,0
930204,930204,2014-06-08,1,AUTOMOTIVE,3.0,0
931986,931986,2014-06-09,1,AUTOMOTIVE,0.0,0
933768,933768,2014-06-10,1,AUTOMOTIVE,1.0,0
935550,935550,2014-06-11,1,AUTOMOTIVE,0.0,0
937332,937332,2014-06-12,1,AUTOMOTIVE,4.0,0
939114,939114,2014-06-13,1,AUTOMOTIVE,12.0,0
940896,940896,2014-06-14,1,AUTOMOTIVE,0.0,0
942678,942678,2014-06-15,1,AUTOMOTIVE,0.0,0
944460,944460,2014-06-16,1,AUTOMOTIVE,1.0,0
946242,946242,2014-06-17,1,AUTOMOTIVE,2.0,0
948024,948024,2014-06-18,1,AUTOMOTIVE,2.0,0
949806,949806,2014-06-19,1,AUTOMOTIVE,4.0,0
951588,951588,2014-06-20,1,AUTOMOTIVE,1.0,0
953370,953370,2014-06-21,1,AUTOMOTIVE,7.0,0
955152,955152,2014-06-22,1,AUTOMOTIVE,0.0,0
956934,956934,2014-06-23,1,AUTOMOTIVE,1.0,0
958716,958716,2014-06-24,1,AUTOMOTIVE,1.0,0
960498,960498,2014-06-25,1,AUTOMOTIVE,1.0,0
962280,962280,2014-06-26,1,AUTOMOTIVE,5.0,0
964062,964062,2014-06-27,1,AUTOMOTIVE,8.0,0
965844,965844,2014-06-28,1,AUTOMOTIVE,1.0,0
967626,967626,2014-06-29,1,AUTOMOTIVE,4.0,0
969408,969408,2014-06-30,1,AUTOMOTIVE,3.0,0
971190,971190,2014-07-01,1,AUTOMOTIVE,2.0,0
972972,972972,2014-07-02,1,AUTOMOTIVE,1.0,0
974754,974754,2014-07-03,1,AUTOMOTIVE,4.0,0
976536,976536,2014-07-04,1,AUTOMOTIVE,1.0,0
978318,978318,2014-07-05,1,AUTOMOTIVE,8.0,0
980100,980100,2014-07-06,1,AUTOMOTIVE,1.0,0
981882,981882,2014-07-07,1,AUTOMOTIVE,2.0,0
983664,983664,2014-07-08,1,AUTOMOTIVE,4.0,0
985446,985446,2014-07-09,1,AUTOMOTIVE,2.0,0
987228,987228,2014-07-10,1,AUTOMOTIVE,3.0,0
989010,989010,2014-07-11,1,AUTOMOTIVE,3.0,0
990792,990792,2014-07-12,1,AUTOMOTIVE,3.0,0
992574,992574,2014-07-13,1,AUTOMOTIVE,4.0,0
994356,994356,2014-07-14,1,AUTOMOTIVE,4.0,0
996138,996138,2014-07-15,1,AUTOMOTIVE,8.0,0
997920,997920,2014-07-16,1,AUTOMOTIVE,1.0,0
999702,999702,2014-07-17,1,AUTOMOTIVE,5.0,0
1001484,1001484,2014-07-18,1,AUTOMOTIVE,7.0,0
1003266,1003266,2014-07-19,1,AUTOMOTIVE,4.0,0
1005048,1005048,2014-07-20,1,AUTOMOTIVE,3.0,0
1006830,1006830,2014-07-21,1,AUTOMOTIVE,4.0,0
1008612,1008612,2014-07-22,1,AUTOMOTIVE,3.0,0
1010394,1010394,2014-07-23,1,AUTOMOTIVE,2.0,0
1012176,1012176,2014-07-24,1,AUTOMOTIVE,4.0,0
1013958,1013958,2014-07-25,1,AUTOMOTIVE,1.0,0
1015740,1015740,2014-07-26,1,AUTOMOTIVE,9.0,0
1017522,1017522,2014-07-27,1,AUTOMOTIVE,0.0,0
1019304,1019304,2014-07-28,1,AUTOMOTIVE,2.0,0
1021086,1021086,2014-07-29,1,AUTOMOTIVE,5.0,0
1022868,1022868,2014-07-30,1,AUTOMOTIVE,1.0,0
1024650,1024650,2014-07-31,1,AUTOMOTIVE,7.0,0
1026432,1026432,2014-08-01,1,AUTOMOTIVE,3.0,0
1028214,1028214,2014-08-02,1,AUTOMOTIVE,4.0,0
1029996,1029996,2014-08-03,1,AUTOMOTIVE,1.0,0
1031778,1031778,2014-08-04,1,AUTOMOTIVE,2.0,0
1033560,1033560,2014-08-05,1,AUTOMOTIVE,4.0,0
1035342,1035342,2014-08-06,1,AUTOMOTIVE,0.0,0
1037124,1037124,2014-08-07,1,AUTOMOTIVE,2.0,0
1038906,1038906,2014-08-08,1,AUTOMOTIVE,1.0,0
1040688,1040688,2014-08-09,1,AUTOMOTIVE,4.0,0
1042470,1042470,2014-08-10,1,AUTOMOTIVE,0.0,0
1044252,1044252,2014-08-11,1,AUTOMOTIVE,0.0,0
1046034,1046034,2014-08-12,1,AUTOMOTIVE,0.0,0
1047816,1047816,2014-08-13,1,AUTOMOTIVE,3.0,0
1049598,1049598,2014-08-14,1,AUTOMOTIVE,1.0,0
1051380,1051380,2014-08-15,1,AUTOMOTIVE,3.0,0
1053162,1053162,2014-08-16,1,AUTOMOTIVE,0.0,0
1054944,1054944,2014-08-17,1,AUTOMOTIVE,0.0,0
1056726,1056726,2014-08-18,1,AUTOMOTIVE,9.0,0
1058508,1058508,2014-08-19,1,AUTOMOTIVE,2.0,0
1060290,1060290,2014-08-20,1,AUTOMOTIVE,7.0,0
1062072,1062072,2014-08-21,1,AUTOMOTIVE,2.0,0
1063854,1063854,2014-08-22,1,AUTOMOTIVE,2.0,0
1065636,1065636,2014-08-23,1,AUTOMOTIVE,2.0,0
1067418,1067418,2014-08-24,1,AUTOMOTIVE,0.0,0
1069200,1069200,2014-08-25,1,AUTOMOTIVE,5.0,0
1070982,1070982,2014-08-26,1,AUTOMOTIVE,2.0,0
1072764,1072764,2014-08-27,1,AUTOMOTIVE,3.0,0
1074546,1074546,2014-08-28,1,AUTOMOTIVE,0.0,0
1076328,1076328,2014-08-29,1,AUTOMOTIVE,2.0,0
1078110,1078110,2014-08-30,1,AUTOMOTIVE,2.0,0
1079892,1079892,2014-08-31,1,AUTOMOTIVE,2.0,0
1081674,1081674,2014-09-01,1,AUTOMOTIVE,4.0,0
1083456,1083456,2014-09-02,1,AUTOMOTIVE,2.0,0
1085238,1085238,2014-09-03,1,AUTOMOTIVE,3.0,0
1087020,1087020,2014-09-04,1,AUTOMOTIVE,7.0,0
1088802,1088802,2014-09-05,1,AUTOMOTIVE,8.0,0
1090584,1090584,2014-09-06,1,AUTOMOTIVE,5.0,0
1092366,1092366,2014-09-07,1,AUTOMOTIVE,1.0,0
1094148,1094148,2014-09-08,1,AUTOMOTIVE,3.0,0
1095930,1095930,2014-09-09,1,AUTOMOTIVE,1.0,0
1097712,1097712,2014-09-10,1,AUTOMOTIVE,13.0,0
1099494,1099494,2014-09-11,1,AUTOMOTIVE,2.0,0
1101276,1101276,2014-09-12,1,AUTOMOTIVE,1.0,0
1103058,1103058,2014-09-13,1,AUTOMOTIVE,3.0,0
1104840,1104840,2014-09-14,1,AUTOMOTIVE,1.0,0
1106622,1106622,2014-09-15,1,AUTOMOTIVE,1.0,0
1108404,1108404,2014-09-16,1,AUTOMOTIVE,18.0,0
1110186,1110186,2014-09-17,1,AUTOMOTIVE,3.0,0
1111968,1111968,2014-09-18,1,AUTOMOTIVE,1.0,0
1113750,1113750,2014-09-19,1,AUTOMOTIVE,6.0,0
1115532,1115532,2014-09-20,1,AUTOMOTIVE,0.0,0
1117314,1117314,2014-09-21,1,AUTOMOTIVE,0.0,0
1119096,1119096,2014-09-22,1,AUTOMOTIVE,1.0,0
1120878,1120878,2014-09-23,1,AUTOMOTIVE,2.0,0
1122660,1122660,2014-09-24,1,AUTOMOTIVE,3.0,0
1124442,1124442,2014-09-25,1,AUTOMOTIVE,6.0,0
1126224,1126224,2014-09-26,1,AUTOMOTIVE,1.0,0
1128006,1128006,2014-09-27,1,AUTOMOTIVE,1.0,0
1129788,1129788,2014-09-28,1,AUTOMOTIVE,1.0,0
1131570,1131570,2014-09-29,1,AUTOMOTIVE,1.0,0
1133352,1133352,2014-09-30,1,AUTOMOTIVE,2.0,0
1135134,1135134,2014-10-01,1,AUTOMOTIVE,2.0,0
1136916,1136916,2014-10-02,1,AUTOMOTIVE,2.0,0
1138698,1138698,2014-10-03,1,AUTOMOTIVE,1.0,0
1140480,1140480,2014-10-04,1,AUTOMOTIVE,5.0,0
1142262,1142262,2014-10-05,1,AUTOMOTIVE,0.0,0
1144044,1144044,2014-10-06,1,AUTOMOTIVE,3.0,0
1145826,1145826,2014-10-07,1,AUTOMOTIVE,3.0,0
1147608,1147608,2014-10-08,1,AUTOMOTIVE,0.0,0
1149390,1149390,2014-10-09,1,AUTOMOTIVE,6.0,0
1151172,1151172,2014-10-10,1,AUTOMOTIVE,0.0,0
1152954,1152954,2014-10-11,1,AUTOMOTIVE,0.0,0
1154736,1154736,2014-10-12,1,AUTOMOTIVE,1.0,0
1156518,1156518,2014-10-13,1,AUTOMOTIVE,2.0,0
1158300,1158300,2014-10-14,1,AUTOMOTIVE,7.0,0
1160082,1160082,2014-10-15,1,AUTOMOTIVE,1.0,0
1161864,1161864,2014-10-16,1,AUTOMOTIVE,4.0,0
1163646,1163646,2014-10-17,1,AUTOMOTIVE,3.0,0
1165428,1165428,2014-10-18,1,AUTOMOTIVE,2.0,0
1167210,1167210,2014-10-19,1,AUTOMOTIVE,3.0,0
1168992,1168992,2014-10-20,1,AUTOMOTIVE,5.0,0
1170774,1170774,2014-10-21,1,AUTOMOTIVE,2.0,0
1172556,1172556,2014-10-22,1,AUTOMOTIVE,4.0,0
1174338,1174338,2014-10-23,1,AUTOMOTIVE,4.0,0
1176120,1176120,2014-10-24,1,AUTOMOTIVE,5.0,0
1177902,1177902,2014-10-25,1,AUTOMOTIVE,4.0,0
1179684,1179684,2014-10-26,1,AUTOMOTIVE,1.0,0
1181466,1181466,2014-10-27,1,AUTOMOTIVE,5.0,0
1183248,1183248,2014-10-28,1,AUTOMOTIVE,2.0,0
1185030,1185030,2014-10-29,1,AUTOMOTIVE,4.0,0
1186812,1186812,2014-10-30,1,AUTOMOTIVE,3.0,0
1188594,1188594,2014-10-31,1,AUTOMOTIVE,9.0,0
1190376,1190376,2014-11-01,1,AUTOMOTIVE,2.0,0
1192158,1192158,2014-11-02,1,AUTOMOTIVE,5.0,0
1193940,1193940,2014-11-03,1,AUTOMOTIVE,5.0,0
1195722,1195722,2014-11-04,1,AUTOMOTIVE,2.0,0
1197504,1197504,2014-11-05,1,AUTOMOTIVE,1.0,0
1199286,1199286,2014-11-06,1,AUTOMOTIVE,3.0,0
1201068,1201068,2014-11-07,1,AUTOMOTIVE,5.0,0
1202850,1202850,2014-11-08,1,AUTOMOTIVE,5.0,0
1204632,1204632,2014-11-09,1,AUTOMOTIVE,2.0,0
1206414,1206414,2014-11-10,1,AUTOMOTIVE,4.0,0
1208196,1208196,2014-11-11,1,AUTOMOTIVE,0.0,0
1209978,1209978,2014-11-12,1,AUTOMOTIVE,5.0,0
1211760,1211760,2014-11-13,1,AUTOMOTIVE,0.0,0
1213542,1213542,2014-11-14,1,AUTOMOTIVE,6.0,0
1215324,1215324,2014-11-15,1,AUTOMOTIVE,4.0,0
1217106,1217106,2014-11-16,1,AUTOMOTIVE,3.0,0
1218888,1218888,2014-11-17,1,AUTOMOTIVE,7.0,0
1220670,1220670,2014-11-18,1,AUTOMOTIVE,0.0,0
1222452,1222452,2014-11-19,1,AUTOMOTIVE,1.0,0
1224234,1224234,2014-11-20,1,AUTOMOTIVE,4.0,0
1226016,1226016,2014-11-21,1,AUTOMOTIVE,1.0,0
1227798,1227798,2014-11-22,1,AUTOMOTIVE,3.0,0
1229580,1229580,2014-11-23,1,AUTOMOTIVE,1.0,0
1231362,1231362,2014-11-24,1,AUTOMOTIVE,2.0,0
1233144,1233144,2014-11-25,1,AUTOMOTIVE,5.0,0
1234926,1234926,2014-11-26,1,AUTOMOTIVE,0.0,0
1236708,1236708,2014-11-27,1,AUTOMOTIVE,0.0,0
1238490,1238490,2014-11-28,1,AUTOMOTIVE,9.0,0
1240272,1240272,2014-11-29,1,AUTOMOTIVE,6.0,0
1242054,1242054,2014-11-30,1,AUTOMOTIVE,0.0,0
1243836,1243836,2014-12-01,1,AUTOMOTIVE,8.0,0
1245618,1245618,2014-12-02,1,AUTOMOTIVE,3.0,0
1247400,1247400,2014-12-03,1,AUTOMOTIVE,3.0,0
1249182,1249182,2014-12-04,1,AUTOMOTIVE,4.0,0
1250964,1250964,2014-12-05,1,AUTOMOTIVE,4.0,0
1252746,1252746,2014-12-06,1,AUTOMOTIVE,5.0,0
1254528,1254528,2014-12-07,1,AUTOMOTIVE,3.0,0
1256310,1256310,2014-12-08,1,AUTOMOTIVE,12.0,0
1258092,1258092,2014-12-09,1,AUTOMOTIVE,2.0,0
1259874,1259874,2014-12-10,1,AUTOMOTIVE,3.0,0
1261656,1261656,2014-12-11,1,AUTOMOTIVE,4.0,0
1263438,1263438,2014-12-12,1,AUTOMOTIVE,1.0,0
1265220,1265220,2014-12-13,1,AUTOMOTIVE,3.0,0
1267002,1267002,2014-12-14,1,AUTOMOTIVE,1.0,0
1268784,1268784,2014-12-15,1,AUTOMOTIVE,0.0,0
1270566,1270566,2014-12-16,1,AUTOMOTIVE,5.0,0
1272348,1272348,2014-12-17,1,AUTOMOTIVE,7.0,0
1274130,1274130,2014-12-18,1,AUTOMOTIVE,0.0,0
1275912,1275912,2014-12-19,1,AUTOMOTIVE,3.0,0
1277694,1277694,2014-12-20,1,AUTOMOTIVE,1.0,0
1279476,1279476,2014-12-21,1,AUTOMOTIVE,0.0,0
1281258,1281258,2014-12-22,1,AUTOMOTIVE,9.0,0
1283040,1283040,2014-12-23,1,AUTOMOTIVE,2.0,0
1284822,1284822,2014-12-24,1,AUTOMOTIVE,6.0,0
1286604,1286604,2014-12-26,1,AUTOMOTIVE,1.0,0
1288386,1288386,2014-12-27,1,AUTOMOTIVE,2.0,0
1290168,1290168,2014-12-28,1,AUTOMOTIVE,0.0,0
1291950,1291950,2014-12-29,1,AUTOMOTIVE,1.0,0
1293732,1293732,2014-12-30,1,AUTOMOTIVE,4.0,0
1295514,1295514,2014-12-31,1,AUTOMOTIVE,0.0,0
1297296,1297296,2015-01-01,1,AUTOMOTIVE,0.0,0
1299078,1299078,2015-01-02,1,AUTOMOTIVE,2.0,0
1300860,1300860,2015-01-03,1,AUTOMOTIVE,6.0,0
1302642,1302642,2015-01-04,1,AUTOMOTIVE,4.0,0
1304424,1304424,2015-01-05,1,AUTOMOTIVE,5.0,0
1306206,1306206,2015-01-06,1,AUTOMOTIVE,8.0,0
1307988,1307988,2015-01-07,1,AUTOMOTIVE,3.0,0
1309770,1309770,2015-01-08,1,AUTOMOTIVE,4.0,0
1311552,1311552,2015-01-09,1,AUTOMOTIVE,2.0,0
1313334,1313334,2015-01-10,1,AUTOMOTIVE,3.0,0
1315116,1315116,2015-01-11,1,AUTOMOTIVE,1.0,0
1316898,1316898,2015-01-12,1,AUTOMOTIVE,2.0,0
1318680,1318680,2015-01-13,1,AUTOMOTIVE,0.0,0
1320462,1320462,2015-01-14,1,AUTOMOTIVE,3.0,0
1322244,1322244,2015-01-15,1,AUTOMOTIVE,3.0,0
1324026,1324026,2015-01-16,1,AUTOMOTIVE,0.0,0
1325808,1325808,2015-01-17,1,AUTOMOTIVE,5.0,0
1327590,1327590,2015-01-18,1,AUTOMOTIVE,3.0,0
1329372,1329372,2015-01-19,1,AUTOMOTIVE,3.0,0
1331154,1331154,2015-01-20,1,AUTOMOTIVE,0.0,0
1332936,1332936,2015-01-21,1,AUTOMOTIVE,0.0,0
1334718,1334718,2015-01-22,1,AUTOMOTIVE,2.0,0
1336500,1336500,2015-01-23,1,AUTOMOTIVE,6.0,0
1338282,1338282,2015-01-24,1,AUTOMOTIVE,2.0,0
1340064,1340064,2015-01-25,1,AUTOMOTIVE,0.0,0
1341846,1341846,2015-01-26,1,AUTOMOTIVE,3.0,0
1343628,1343628,2015-01-27,1,AUTOMOTIVE,6.0,0
1345410,1345410,2015-01-28,1,AUTOMOTIVE,1.0,0
1347192,1347192,2015-01-29,1,AUTOMOTIVE,4.0,0
1348974,1348974,2015-01-30,1,AUTOMOTIVE,5.0,0
1350756,1350756,2015-01-31,1,AUTOMOTIVE,5.0,0
1352538,1352538,2015-02-01,1,AUTOMOTIVE,1.0,0
1354320,1354320,2015-02-02,1,AUTOMOTIVE,6.0,0
1356102,1356102,2015-02-03,1,AUTOMOTIVE,4.0,0
1357884,1357884,2015-02-04,1,AUTOMOTIVE,2.0,0
1359666,1359666,2015-02-05,1,AUTOMOTIVE,0.0,0
1361448,1361448,2015-02-06,1,AUTOMOTIVE,0.0,0
1363230,1363230,2015-02-07,1,AUTOMOTIVE,7.0,0
1365012,1365012,2015-02-08,1,AUTOMOTIVE,4.0,0
1366794,1366794,2015-02-09,1,AUTOMOTIVE,7.0,0
1368576,1368576,2015-02-10,1,AUTOMOTIVE,4.0,0
1370358,1370358,2015-02-11,1,AUTOMOTIVE,2.0,0
1372140,1372140,2015-02-12,1,AUTOMOTIVE,1.0,0
1373922,1373922,2015-02-13,1,AUTOMOTIVE,6.0,0
1375704,1375704,2015-02-14,1,AUTOMOTIVE,1.0,0
1377486,1377486,2015-02-15,1,AUTOMOTIVE,1.0,0
1379268,1379268,2015-02-16,1,AUTOMOTIVE,0.0,0
1381050,1381050,2015-02-17,1,AUTOMOTIVE,1.0,0
1382832,1382832,2015-02-18,1,AUTOMOTIVE,4.0,0
1384614,1384614,2015-02-19,1,AUTOMOTIVE,2.0,0
1386396,1386396,2015-02-20,1,AUTOMOTIVE,0.0,0
1388178,1388178,2015-02-21,1,AUTOMOTIVE,3.0,0
1389960,1389960,2015-02-22,1,AUTOMOTIVE,6.0,0
1391742,1391742,2015-02-23,1,AUTOMOTIVE,2.0,0
1393524,1393524,2015-02-24,1,AUTOMOTIVE,2.0,0
1395306,1395306,2015-02-25,1,AUTOMOTIVE,2.0,0
1397088,1397088,2015-02-26,1,AUTOMOTIVE,0.0,0
1398870,1398870,2015-02-27,1,AUTOMOTIVE,6.0,0
1400652,1400652,2015-02-28,1,AUTOMOTIVE,1.0,0
1402434,1402434,2015-03-01,1,AUTOMOTIVE,1.0,0
1404216,1404216,2015-03-02,1,AUTOMOTIVE,4.0,0
1405998,1405998,2015-03-03,1,AUTOMOTIVE,5.0,0
1407780,1407780,2015-03-04,1,AUTOMOTIVE,1.0,0
1409562,1409562,2015-03-05,1,AUTOMOTIVE,8.0,0
1411344,1411344,2015-03-06,1,AUTOMOTIVE,8.0,0
1413126,1413126,2015-03-07,1,AUTOMOTIVE,1.0,0
1414908,1414908,2015-03-08,1,AUTOMOTIVE,1.0,0
1416690,1416690,2015-03-09,1,AUTOMOTIVE,2.0,0
1418472,1418472,2015-03-10,1,AUTOMOTIVE,3.0,0
1420254,1420254,2015-03-11,1,AUTOMOTIVE,4.0,0
1422036,1422036,2015-03-12,1,AUTOMOTIVE,1.0,0
1423818,1423818,2015-03-13,1,AUTOMOTIVE,4.0,0
1425600,1425600,2015-03-14,1,AUTOMOTIVE,3.0,0
1427382,1427382,2015-03-15,1,AUTOMOTIVE,1.0,0
1429164,1429164,2015-03-16,1,AUTOMOTIVE,3.0,0
1430946,1430946,2015-03-17,1,AUTOMOTIVE,3.0,0
1432728,1432728,2015-03-18,1,AUTOMOTIVE,3.0,0
1434510,1434510,2015-03-19,1,AUTOMOTIVE,0.0,0
1436292,1436292,2015-03-20,1,AUTOMOTIVE,0.0,0
1438074,1438074,2015-03-21,1,AUTOMOTIVE,1.0,0
1439856,1439856,2015-03-22,1,AUTOMOTIVE,3.0,0
1441638,1441638,2015-03-23,1,AUTOMOTIVE,5.0,0
1443420,1443420,2015-03-24,1,AUTOMOTIVE,7.0,0
1445202,1445202,2015-03-25,1,AUTOMOTIVE,0.0,0
1446984,1446984,2015-03-26,1,AUTOMOTIVE,1.0,0
1448766,1448766,2015-03-27,1,AUTOMOTIVE,5.0,0
1450548,1450548,2015-03-28,1,AUTOMOTIVE,5.0,0
1452330,1452330,2015-03-29,1,AUTOMOTIVE,0.0,0
1454112,1454112,2015-03-30,1,AUTOMOTIVE,2.0,0
1455894,1455894,2015-03-31,1,AUTOMOTIVE,6.0,0
1457676,1457676,2015-04-01,1,AUTOMOTIVE,2.0,0
1459458,1459458,2015-04-02,1,AUTOMOTIVE,2.0,0
1461240,1461240,2015-04-03,1,AUTOMOTIVE,0.0,0
1463022,1463022,2015-04-04,1,AUTOMOTIVE,1.0,0
1464804,1464804,2015-04-05,1,AUTOMOTIVE,1.0,0
1466586,1466586,2015-04-06,1,AUTOMOTIVE,3.0,0
1468368,1468368,2015-04-07,1,AUTOMOTIVE,2.0,0
1470150,1470150,2015-04-08,1,AUTOMOTIVE,6.0,0
1471932,1471932,2015-04-09,1,AUTOMOTIVE,1.0,0
1473714,1473714,2015-04-10,1,AUTOMOTIVE,1.0,0
1475496,1475496,2015-04-11,1,AUTOMOTIVE,7.0,0
1477278,1477278,2015-04-12,1,AUTOMOTIVE,1.0,0
1479060,1479060,2015-04-13,1,AUTOMOTIVE,3.0,0
1480842,1480842,2015-04-14,1,AUTOMOTIVE,4.0,0
1482624,1482624,2015-04-15,1,AUTOMOTIVE,1.0,0
1484406,1484406,2015-04-16,1,AUTOMOTIVE,2.0,0
1486188,1486188,2015-04-17,1,AUTOMOTIVE,4.0,0
1487970,1487970,2015-04-18,1,AUTOMOTIVE,2.0,0
1489752,1489752,2015-04-19,1,AUTOMOTIVE,2.0,0
1491534,1491534,2015-04-20,1,AUTOMOTIVE,3.0,0
1493316,1493316,2015-04-21,1,AUTOMOTIVE,3.0,0
1495098,1495098,2015-04-22,1,AUTOMOTIVE,3.0,0
1496880,1496880,2015-04-23,1,AUTOMOTIVE,2.0,0
1498662,1498662,2015-04-24,1,AUTOMOTIVE,6.0,0
1500444,1500444,2015-04-25,1,AUTOMOTIVE,2.0,0
1502226,1502226,2015-04-26,1,AUTOMOTIVE,0.0,0
1504008,1504008,2015-04-27,1,AUTOMOTIVE,2.0,0
1505790,1505790,2015-04-28,1,AUTOMOTIVE,6.0,0
1507572,1507572,2015-04-29,1,AUTOMOTIVE,1.0,0
1509354,1509354,2015-04-30,1,AUTOMOTIVE,10.0,0
1511136,1511136,2015-05-01,1,AUTOMOTIVE,2.0,0
1512918,1512918,2015-05-02,1,AUTOMOTIVE,0.0,0
1514700,1514700,2015-05-03,1,AUTOMOTIVE,2.0,0
1516482,1516482,2015-05-04,1,AUTOMOTIVE,5.0,0
1518264,1518264,2015-05-05,1,AUTOMOTIVE,9.0,0
1520046,1520046,2015-05-06,1,AUTOMOTIVE,1.0,0
1521828,1521828,2015-05-07,1,AUTOMOTIVE,4.0,0
1523610,1523610,2015-05-08,1,AUTOMOTIVE,1.0,0
1525392,1525392,2015-05-09,1,AUTOMOTIVE,5.0,0
1527174,1527174,2015-05-10,1,AUTOMOTIVE,0.0,0
1528956,1528956,2015-05-11,1,AUTOMOTIVE,1.0,0
1530738,1530738,2015-05-12,1,AUTOMOTIVE,3.0,0
1532520,1532520,2015-05-13,1,AUTOMOTIVE,3.0,0
1534302,1534302,2015-05-14,1,AUTOMOTIVE,2.0,0
1536084,1536084,2015-05-15,1,AUTOMOTIVE,2.0,0
1537866,1537866,2015-05-16,1,AUTOMOTIVE,3.0,0
1539648,1539648,2015-05-17,1,AUTOMOTIVE,0.0,0
1541430,1541430,2015-05-18,1,AUTOMOTIVE,0.0,0
1543212,1543212,2015-05-19,1,AUTOMOTIVE,5.0,0
1544994,1544994,2015-05-20,1,AUTOMOTIVE,0.0,0
1546776,1546776,2015-05-21,1,AUTOMOTIVE,5.0,0
1548558,1548558,2015-05-22,1,AUTOMOTIVE,2.0,0
1550340,1550340,2015-05-23,1,AUTOMOTIVE,1.0,0
1552122,1552122,2015-05-24,1,AUTOMOTIVE,0.0,0
1553904,1553904,2015-05-25,1,AUTOMOTIVE,3.0,0
1555686,1555686,2015-05-26,1,AUTOMOTIVE,1.0,0
1557468,1557468,2015-05-27,1,AUTOMOTIVE,5.0,0
1559250,1559250,2015-05-28,1,AUTOMOTIVE,9.0,0
1561032,1561032,2015-05-29,1,AUTOMOTIVE,2.0,0
1562814,1562814,2015-05-30,1,AUTOMOTIVE,3.0,0
1564596,1564596,2015-05-31,1,AUTOMOTIVE,1.0,0
1566378,1566378,2015-06-01,1,AUTOMOTIVE,1.0,0
1568160,1568160,2015-06-02,1,AUTOMOTIVE,2.0,0
1569942,1569942,2015-06-03,1,AUTOMOTIVE,16.0,0
1571724,1571724,2015-06-04,1,AUTOMOTIVE,4.0,0
1573506,1573506,2015-06-05,1,AUTOMOTIVE,4.0,0
1575288,1575288,2015-06-06,1,AUTOMOTIVE,0.0,0
1577070,1577070,2015-06-07,1,AUTOMOTIVE,0.0,0
1578852,1578852,2015-06-08,1,AUTOMOTIVE,5.0,0
1580634,1580634,2015-06-09,1,AUTOMOTIVE,2.0,0
1582416,1582416,2015-06-10,1,AUTOMOTIVE,0.0,0
1584198,1584198,2015-06-11,1,AUTOMOTIVE,3.0,0
1585980,1585980,2015-06-12,1,AUTOMOTIVE,5.0,0
1587762,1587762,2015-06-13,1,AUTOMOTIVE,2.0,0
1589544,1589544,2015-06-14,1,AUTOMOTIVE,3.0,0
1591326,1591326,2015-06-15,1,AUTOMOTIVE,3.0,0
1593108,1593108,2015-06-16,1,AUTOMOTIVE,3.0,0
1594890,1594890,2015-06-17,1,AUTOMOTIVE,8.0,0
1596672,1596672,2015-06-18,1,AUTOMOTIVE,5.0,0
1598454,1598454,2015-06-19,1,AUTOMOTIVE,2.0,0
1600236,1600236,2015-06-20,1,AUTOMOTIVE,5.0,0
1602018,1602018,2015-06-21,1,AUTOMOTIVE,3.0,0
1603800,1603800,2015-06-22,1,AUTOMOTIVE,1.0,0
1605582,1605582,2015-06-23,1,AUTOMOTIVE,4.0,0
1607364,1607364,2015-06-24,1,AUTOMOTIVE,3.0,0
1609146,1609146,2015-06-25,1,AUTOMOTIVE,2.0,0
1610928,1610928,2015-06-26,1,AUTOMOTIVE,1.0,0
1612710,1612710,2015-06-27,1,AUTOMOTIVE,4.0,0
1614492,1614492,2015-06-28,1,AUTOMOTIVE,1.0,0
1616274,1616274,2015-06-29,1,AUTOMOTIVE,7.0,0
1618056,1618056,2015-06-30,1,AUTOMOTIVE,4.0,0
1619838,1619838,2015-07-01,1,AUTOMOTIVE,5.0,0
1621620,1621620,2015-07-02,1,AUTOMOTIVE,3.0,0
1623402,1623402,2015-07-03,1,AUTOMOTIVE,6.0,0
1625184,1625184,2015-07-04,1,AUTOMOTIVE,3.0,0
1626966,1626966,2015-07-05,1,AUTOMOTIVE,0.0,0
1628748,1628748,2015-07-06,1,AUTOMOTIVE,1.0,0
1630530,1630530,2015-07-07,1,AUTOMOTIVE,0.0,0
1632312,1632312,2015-07-08,1,AUTOMOTIVE,3.0,0
1634094,1634094,2015-07-09,1,AUTOMOTIVE,4.0,0
1635876,1635876,2015-07-10,1,AUTOMOTIVE,10.0,0
1637658,1637658,2015-07-11,1,AUTOMOTIVE,7.0,0
1639440,1639440,2015-07-12,1,AUTOMOTIVE,1.0,0
1641222,1641222,2015-07-13,1,AUTOMOTIVE,2.0,0
1643004,1643004,2015-07-14,1,AUTOMOTIVE,4.0,0
1644786,1644786,2015-07-15,1,AUTOMOTIVE,4.0,0
1646568,1646568,2015-07-16,1,AUTOMOTIVE,2.0,0
1648350,1648350,2015-07-17,1,AUTOMOTIVE,1.0,0
1650132,1650132,2015-07-18,1,AUTOMOTIVE,1.0,0
1651914,1651914,2015-07-19,1,AUTOMOTIVE,0.0,0
1653696,1653696,2015-07-20,1,AUTOMOTIVE,3.0,0
1655478,1655478,2015-07-21,1,AUTOMOTIVE,4.0,0
1657260,1657260,2015-07-22,1,AUTOMOTIVE,4.0,0
1659042,1659042,2015-07-23,1,AUTOMOTIVE,6.0,0
1660824,1660824,2015-07-24,1,AUTOMOTIVE,2.0,0
1662606,1662606,2015-07-25,1,AUTOMOTIVE,2.0,0
1664388,1664388,2015-07-26,1,AUTOMOTIVE,1.0,0
1666170,1666170,2015-07-27,1,AUTOMOTIVE,4.0,0
1667952,1667952,2015-07-28,1,AUTOMOTIVE,4.0,0
1669734,1669734,2015-07-29,1,AUTOMOTIVE,5.0,0
1671516,1671516,2015-07-30,1,AUTOMOTIVE,1.0,0
1673298,1673298,2015-07-31,1,AUTOMOTIVE,1.0,0
1675080,1675080,2015-08-01,1,AUTOMOTIVE,4.0,0
1676862,1676862,2015-08-02,1,AUTOMOTIVE,0.0,0
1678644,1678644,2015-08-03,1,AUTOMOTIVE,5.0,0
1680426,1680426,2015-08-04,1,AUTOMOTIVE,4.0,0
1682208,1682208,2015-08-05,1,AUTOMOTIVE,17.0,0
1683990,1683990,2015-08-06,1,AUTOMOTIVE,4.0,0
1685772,1685772,2015-08-07,1,AUTOMOTIVE,3.0,0
1687554,1687554,2015-08-08,1,AUTOMOTIVE,5.0,0
1689336,1689336,2015-08-09,1,AUTOMOTIVE,0.0,0
1691118,1691118,2015-08-10,1,AUTOMOTIVE,2.0,0
1692900,1692900,2015-08-11,1,AUTOMOTIVE,3.0,0
1694682,1694682,2015-08-12,1,AUTOMOTIVE,2.0,0
1696464,1696464,2015-08-13,1,AUTOMOTIVE,4.0,0
1698246,1698246,2015-08-14,1,AUTOMOTIVE,4.0,0
1700028,1700028,2015-08-15,1,AUTOMOTIVE,3.0,0
1701810,1701810,2015-08-16,1,AUTOMOTIVE,1.0,0
1703592,1703592,2015-08-17,1,AUTOMOTIVE,0.0,0
1705374,1705374,2015-08-18,1,AUTOMOTIVE,10.0,0
1707156,1707156,2015-08-19,1,AUTOMOTIVE,4.0,0
1708938,1708938,2015-08-20,1,AUTOMOTIVE,3.0,0
1710720,1710720,2015-08-21,1,AUTOMOTIVE,7.0,0
1712502,1712502,2015-08-22,1,AUTOMOTIVE,5.0,0
1714284,1714284,2015-08-23,1,AUTOMOTIVE,1.0,0
1716066,1716066,2015-08-24,1,AUTOMOTIVE,1.0,0
1717848,1717848,2015-08-25,1,AUTOMOTIVE,0.0,0
1719630,1719630,2015-08-26,1,AUTOMOTIVE,0.0,0
1721412,1721412,2015-08-27,1,AUTOMOTIVE,0.0,0
1723194,1723194,2015-08-28,1,AUTOMOTIVE,2.0,0
1724976,1724976,2015-08-29,1,AUTOMOTIVE,5.0,0
1726758,1726758,2015-08-30,1,AUTOMOTIVE,1.0,0
1728540,1728540,2015-08-31,1,AUTOMOTIVE,6.0,0
1730322,1730322,2015-09-01,1,AUTOMOTIVE,1.0,0
1732104,1732104,2015-09-02,1,AUTOMOTIVE,4.0,0
1733886,1733886,2015-09-03,1,AUTOMOTIVE,2.0,0
1735668,1735668,2015-09-04,1,AUTOMOTIVE,0.0,0
1737450,1737450,2015-09-05,1,AUTOMOTIVE,4.0,0
1739232,1739232,2015-09-06,1,AUTOMOTIVE,0.0,0
1741014,1741014,2015-09-07,1,AUTOMOTIVE,2.0,0
1742796,1742796,2015-09-08,1,AUTOMOTIVE,5.0,0
1744578,1744578,2015-09-09,1,AUTOMOTIVE,6.0,0
1746360,1746360,2015-09-10,1,AUTOMOTIVE,3.0,0
1748142,1748142,2015-09-11,1,AUTOMOTIVE,7.0,0
1749924,1749924,2015-09-12,1,AUTOMOTIVE,3.0,0
1751706,1751706,2015-09-13,1,AUTOMOTIVE,2.0,0
1753488,1753488,2015-09-14,1,AUTOMOTIVE,3.0,0
1755270,1755270,2015-09-15,1,AUTOMOTIVE,8.0,0
1757052,1757052,2015-09-16,1,AUTOMOTIVE,5.0,0
1758834,1758834,2015-09-17,1,AUTOMOTIVE,5.0,0
1760616,1760616,2015-09-18,1,AUTOMOTIVE,4.0,0
1762398,1762398,2015-09-19,1,AUTOMOTIVE,5.0,0
1764180,1764180,2015-09-20,1,AUTOMOTIVE,0.0,0
1765962,1765962,2015-09-21,1,AUTOMOTIVE,3.0,0
1767744,1767744,2015-09-22,1,AUTOMOTIVE,9.0,0
1769526,1769526,2015-09-23,1,AUTOMOTIVE,1.0,0
1771308,1771308,2015-09-24,1,AUTOMOTIVE,1.0,0
1773090,1773090,2015-09-25,1,AUTOMOTIVE,1.0,0
1774872,1774872,2015-09-26,1,AUTOMOTIVE,3.0,0
1776654,1776654,2015-09-27,1,AUTOMOTIVE,1.0,0
1778436,1778436,2015-09-28,1,AUTOMOTIVE,4.0,0
1780218,1780218,2015-09-29,1,AUTOMOTIVE,1.0,0
1782000,1782000,2015-09-30,1,AUTOMOTIVE,0.0,0
1783782,1783782,2015-10-01,1,AUTOMOTIVE,1.0,0
1785564,1785564,2015-10-02,1,AUTOMOTIVE,4.0,0
1787346,1787346,2015-10-03,1,AUTOMOTIVE,10.0,0
1789128,1789128,2015-10-04,1,AUTOMOTIVE,1.0,0
1790910,1790910,2015-10-05,1,AUTOMOTIVE,5.0,0
1792692,1792692,2015-10-06,1,AUTOMOTIVE,8.0,0
1794474,1794474,2015-10-07,1,AUTOMOTIVE,3.0,0
1796256,1796256,2015-10-08,1,AUTOMOTIVE,0.0,0
1798038,1798038,2015-10-09,1,AUTOMOTIVE,1.0,0
1799820,1799820,2015-10-10,1,AUTOMOTIVE,3.0,0
1801602,1801602,2015-10-11,1,AUTOMOTIVE,0.0,0
1803384,1803384,2015-10-12,1,AUTOMOTIVE,4.0,0
1805166,1805166,2015-10-13,1,AUTOMOTIVE,3.0,0
1806948,1806948,2015-10-14,1,AUTOMOTIVE,2.0,0
1808730,1808730,2015-10-15,1,AUTOMOTIVE,3.0,0
1810512,1810512,2015-10-16,1,AUTOMOTIVE,4.0,0
1812294,1812294,2015-10-17,1,AUTOMOTIVE,1.0,0
1814076,1814076,2015-10-18,1,AUTOMOTIVE,1.0,0
1815858,1815858,2015-10-19,1,AUTOMOTIVE,7.0,0
1817640,1817640,2015-10-20,1,AUTOMOTIVE,6.0,0
1819422,1819422,2015-10-21,1,AUTOMOTIVE,5.0,0
1821204,1821204,2015-10-22,1,AUTOMOTIVE,3.0,0
1822986,1822986,2015-10-23,1,AUTOMOTIVE,5.0,0
1824768,1824768,2015-10-24,1,AUTOMOTIVE,4.0,0
1826550,1826550,2015-10-25,1,AUTOMOTIVE,1.0,0
1828332,1828332,2015-10-26,1,AUTOMOTIVE,5.0,0
1830114,1830114,2015-10-27,1,AUTOMOTIVE,7.0,0
1831896,1831896,2015-10-28,1,AUTOMOTIVE,2.0,0
1833678,1833678,2015-10-29,1,AUTOMOTIVE,2.0,0
1835460,1835460,2015-10-30,1,AUTOMOTIVE,3.0,0
1837242,1837242,2015-10-31,1,AUTOMOTIVE,5.0,0
1839024,1839024,2015-11-01,1,AUTOMOTIVE,2.0,0
1840806,1840806,2015-11-02,1,AUTOMOTIVE,2.0,0
1842588,1842588,2015-11-03,1,AUTOMOTIVE,1.0,0
1844370,1844370,2015-11-04,1,AUTOMOTIVE,2.0,0
1846152,1846152,2015-11-05,1,AUTOMOTIVE,0.0,0
1847934,1847934,2015-11-06,1,AUTOMOTIVE,6.0,0
1849716,1849716,2015-11-07,1,AUTOMOTIVE,3.0,0
1851498,1851498,2015-11-08,1,AUTOMOTIVE,6.0,0
1853280,1853280,2015-11-09,1,AUTOMOTIVE,1.0,0
1855062,1855062,2015-11-10,1,AUTOMOTIVE,4.0,0
1856844,1856844,2015-11-11,1,AUTOMOTIVE,12.0,0
1858626,1858626,2015-11-12,1,AUTOMOTIVE,8.0,0
1860408,1860408,2015-11-13,1,AUTOMOTIVE,10.0,0
1862190,1862190,2015-11-14,1,AUTOMOTIVE,1.0,0
1863972,1863972,2015-11-15,1,AUTOMOTIVE,0.0,0
1865754,1865754,2015-11-16,1,AUTOMOTIVE,5.0,0
1867536,1867536,2015-11-17,1,AUTOMOTIVE,1.0,0
1869318,1869318,2015-11-18,1,AUTOMOTIVE,5.0,0
1871100,1871100,2015-11-19,1,AUTOMOTIVE,2.0,0
1872882,1872882,2015-11-20,1,AUTOMOTIVE,2.0,0
1874664,1874664,2015-11-21,1,AUTOMOTIVE,4.0,0
1876446,1876446,2015-11-22,1,AUTOMOTIVE,0.0,0
1878228,1878228,2015-11-23,1,AUTOMOTIVE,0.0,0
1880010,1880010,2015-11-24,1,AUTOMOTIVE,4.0,0
1881792,1881792,2015-11-25,1,AUTOMOTIVE,4.0,0
1883574,1883574,2015-11-26,1,AUTOMOTIVE,2.0,0
1885356,1885356,2015-11-27,1,AUTOMOTIVE,4.0,0
1887138,1887138,2015-11-28,1,AUTOMOTIVE,5.0,0
1888920,1888920,2015-11-29,1,AUTOMOTIVE,0.0,0
1890702,1890702,2015-11-30,1,AUTOMOTIVE,0.0,0
1892484,1892484,2015-12-01,1,AUTOMOTIVE,3.0,0
1894266,1894266,2015-12-02,1,AUTOMOTIVE,1.0,0
1896048,1896048,2015-12-03,1,AUTOMOTIVE,5.0,0
1897830,1897830,2015-12-04,1,AUTOMOTIVE,6.0,0
1899612,1899612,2015-12-05,1,AUTOMOTIVE,6.0,0
1901394,1901394,2015-12-06,1,AUTOMOTIVE,0.0,0
1903176,1903176,2015-12-07,1,AUTOMOTIVE,1.0,0
1904958,1904958,2015-12-08,1,AUTOMOTIVE,6.0,0
1906740,1906740,2015-12-09,1,AUTOMOTIVE,2.0,0
1908522,1908522,2015-12-10,1,AUTOMOTIVE,0.0,0
1910304,1910304,2015-12-11,1,AUTOMOTIVE,6.0,0
1912086,1912086,2015-12-12,1,AUTOMOTIVE,7.0,0
1913868,1913868,2015-12-13,1,AUTOMOTIVE,5.0,0
1915650,1915650,2015-12-14,1,AUTOMOTIVE,4.0,0
1917432,1917432,2015-12-15,1,AUTOMOTIVE,14.0,0
1919214,1919214,2015-12-16,1,AUTOMOTIVE,5.0,0
1920996,1920996,2015-12-17,1,AUTOMOTIVE,3.0,0
1922778,1922778,2015-12-18,1,AUTOMOTIVE,0.0,0
1924560,1924560,2015-12-19,1,AUTOMOTIVE,3.0,0
1926342,1926342,2015-12-20,1,AUTOMOTIVE,0.0,0
1928124,1928124,2015-12-21,1,AUTOMOTIVE,1.0,0
1929906,1929906,2015-12-22,1,AUTOMOTIVE,9.0,0
1931688,1931688,2015-12-23,1,AUTOMOTIVE,6.0,0
1933470,1933470,2015-12-24,1,AUTOMOTIVE,4.0,0
1935252,1935252,2015-12-26,1,AUTOMOTIVE,7.0,0
1937034,1937034,2015-12-27,1,AUTOMOTIVE,4.0,0
1938816,1938816,2015-12-28,1,AUTOMOTIVE,4.0,0
1940598,1940598,2015-12-29,1,AUTOMOTIVE,8.0,0
1942380,1942380,2015-12-30,1,AUTOMOTIVE,5.0,0
1944162,1944162,2015-12-31,1,AUTOMOTIVE,5.0,0
1945944,1945944,2016-01-01,1,AUTOMOTIVE,0.0,0
1947726,1947726,2016-01-02,1,AUTOMOTIVE,7.0,0
1949508,1949508,2016-01-03,1,AUTOMOTIVE,1.0,0
1951290,1951290,2016-01-04,1,AUTOMOTIVE,8.0,0
1953072,1953072,2016-01-05,1,AUTOMOTIVE,7.0,0
1954854,1954854,2016-01-06,1,AUTOMOTIVE,9.0,0
1956636,1956636,2016-01-07,1,AUTOMOTIVE,5.0,0
1958418,1958418,2016-01-08,1,AUTOMOTIVE,5.0,0
1960200,1960200,2016-01-09,1,AUTOMOTIVE,6.0,0
1961982,1961982,2016-01-10,1,AUTOMOTIVE,1.0,0
1963764,1963764,2016-01-11,1,AUTOMOTIVE,3.0,0
1965546,1965546,2016-01-12,1,AUTOMOTIVE,5.0,0
1967328,1967328,2016-01-13,1,AUTOMOTIVE,2.0,0
1969110,1969110,2016-01-14,1,AUTOMOTIVE,2.0,0
1970892,1970892,2016-01-15,1,AUTOMOTIVE,5.0,0
1972674,1972674,2016-01-16,1,AUTOMOTIVE,17.0,0
1974456,1974456,2016-01-17,1,AUTOMOTIVE,3.0,0
1976238,1976238,2016-01-18,1,AUTOMOTIVE,3.0,0
1978020,1978020,2016-01-19,1,AUTOMOTIVE,10.0,0
1979802,1979802,2016-01-20,1,AUTOMOTIVE,4.0,0
1981584,1981584,2016-01-21,1,AUTOMOTIVE,1.0,0
1983366,1983366,2016-01-22,1,AUTOMOTIVE,7.0,0
1985148,1985148,2016-01-23,1,AUTOMOTIVE,5.0,0
1986930,1986930,2016-01-24,1,AUTOMOTIVE,3.0,0
1988712,1988712,2016-01-25,1,AUTOMOTIVE,1.0,0
1990494,1990494,2016-01-26,1,AUTOMOTIVE,2.0,0
1992276,1992276,2016-01-27,1,AUTOMOTIVE,7.0,0
1994058,1994058,2016-01-28,1,AUTOMOTIVE,2.0,0
1995840,1995840,2016-01-29,1,AUTOMOTIVE,9.0,0
1997622,1997622,2016-01-30,1,AUTOMOTIVE,4.0,0
1999404,1999404,2016-01-31,1,AUTOMOTIVE,2.0,0
2001186,2001186,2016-02-01,1,AUTOMOTIVE,7.0,0
2002968,2002968,2016-02-02,1,AUTOMOTIVE,7.0,0
2004750,2004750,2016-02-03,1,AUTOMOTIVE,5.0,0
2006532,2006532,2016-02-04,1,AUTOMOTIVE,3.0,0
2008314,2008314,2016-02-05,1,AUTOMOTIVE,3.0,0
2010096,2010096,2016-02-06,1,AUTOMOTIVE,4.0,0
2011878,2011878,2016-02-07,1,AUTOMOTIVE,0.0,0
2013660,2013660,2016-02-08,1,AUTOMOTIVE,0.0,0
2015442,2015442,2016-02-09,1,AUTOMOTIVE,3.0,0
2017224,2017224,2016-02-10,1,AUTOMOTIVE,3.0,0
2019006,2019006,2016-02-11,1,AUTOMOTIVE,2.0,0
2020788,2020788,2016-02-12,1,AUTOMOTIVE,10.0,0
2022570,2022570,2016-02-13,1,AUTOMOTIVE,8.0,0
2024352,2024352,2016-02-14,1,AUTOMOTIVE,1.0,0
2026134,2026134,2016-02-15,1,AUTOMOTIVE,3.0,0
2027916,2027916,2016-02-16,1,AUTOMOTIVE,5.0,0
2029698,2029698,2016-02-17,1,AUTOMOTIVE,4.0,0
2031480,2031480,2016-02-18,1,AUTOMOTIVE,7.0,0
2033262,2033262,2016-02-19,1,AUTOMOTIVE,3.0,0
2035044,2035044,2016-02-20,1,AUTOMOTIVE,9.0,0
2036826,2036826,2016-02-21,1,AUTOMOTIVE,2.0,0
2038608,2038608,2016-02-22,1,AUTOMOTIVE,3.0,0
2040390,2040390,2016-02-23,1,AUTOMOTIVE,7.0,0
2042172,2042172,2016-02-24,1,AUTOMOTIVE,3.0,0
2043954,2043954,2016-02-25,1,AUTOMOTIVE,12.0,0
2045736,2045736,2016-02-26,1,AUTOMOTIVE,5.0,0
2047518,2047518,2016-02-27,1,AUTOMOTIVE,3.0,0
2049300,2049300,2016-02-28,1,AUTOMOTIVE,4.0,0
2051082,2051082,2016-02-29,1,AUTOMOTIVE,3.0,0
2052864,2052864,2016-03-01,1,AUTOMOTIVE,5.0,0
2054646,2054646,2016-03-02,1,AUTOMOTIVE,6.0,0
2056428,2056428,2016-03-03,1,AUTOMOTIVE,10.0,0
2058210,2058210,2016-03-04,1,AUTOMOTIVE,7.0,0
2059992,2059992,2016-03-05,1,AUTOMOTIVE,2.0,0
2061774,2061774,2016-03-06,1,AUTOMOTIVE,2.0,0
2063556,2063556,2016-03-07,1,AUTOMOTIVE,14.0,0
2065338,2065338,2016-03-08,1,AUTOMOTIVE,9.0,0
2067120,2067120,2016-03-09,1,AUTOMOTIVE,5.0,0
2068902,2068902,2016-03-10,1,AUTOMOTIVE,3.0,0
2070684,2070684,2016-03-11,1,AUTOMOTIVE,1.0,0
2072466,2072466,2016-03-12,1,AUTOMOTIVE,10.0,0
2074248,2074248,2016-03-13,1,AUTOMOTIVE,3.0,0
2076030,2076030,2016-03-14,1,AUTOMOTIVE,8.0,0
2077812,2077812,2016-03-15,1,AUTOMOTIVE,9.0,0
2079594,2079594,2016-03-16,1,AUTOMOTIVE,4.0,0
2081376,2081376,2016-03-17,1,AUTOMOTIVE,3.0,0
2083158,2083158,2016-03-18,1,AUTOMOTIVE,6.0,0
2084940,2084940,2016-03-19,1,AUTOMOTIVE,7.0,0
2086722,2086722,2016-03-20,1,AUTOMOTIVE,2.0,0
2088504,2088504,2016-03-21,1,AUTOMOTIVE,2.0,0
2090286,2090286,2016-03-22,1,AUTOMOTIVE,11.0,0
2092068,2092068,2016-03-23,1,AUTOMOTIVE,14.0,0
2093850,2093850,2016-03-24,1,AUTOMOTIVE,5.0,0
2095632,2095632,2016-03-25,1,AUTOMOTIVE,1.0,0
2097414,2097414,2016-03-26,1,AUTOMOTIVE,4.0,0
2099196,2099196,2016-03-27,1,AUTOMOTIVE,5.0,0
2100978,2100978,2016-03-28,1,AUTOMOTIVE,3.0,0
2102760,2102760,2016-03-29,1,AUTOMOTIVE,3.0,0
2104542,2104542,2016-03-30,1,AUTOMOTIVE,2.0,0
2106324,2106324,2016-03-31,1,AUTOMOTIVE,2.0,0
2108106,2108106,2016-04-01,1,AUTOMOTIVE,8.0,0
2109888,2109888,2016-04-02,1,AUTOMOTIVE,6.0,0
2111670,2111670,2016-04-03,1,AUTOMOTIVE,1.0,0
2113452,2113452,2016-04-04,1,AUTOMOTIVE,5.0,0
2115234,2115234,2016-04-05,1,AUTOMOTIVE,4.0,0
2117016,2117016,2016-04-06,1,AUTOMOTIVE,7.0,0
2118798,2118798,2016-04-07,1,AUTOMOTIVE,5.0,0
2120580,2120580,2016-04-08,1,AUTOMOTIVE,9.0,0
2122362,2122362,2016-04-09,1,AUTOMOTIVE,4.0,0
2124144,2124144,2016-04-10,1,AUTOMOTIVE,3.0,0
2125926,2125926,2016-04-11,1,AUTOMOTIVE,5.0,0
2127708,2127708,2016-04-12,1,AUTOMOTIVE,6.0,0
2129490,2129490,2016-04-13,1,AUTOMOTIVE,2.0,0
2131272,2131272,2016-04-14,1,AUTOMOTIVE,2.0,0
2133054,2133054,2016-04-15,1,AUTOMOTIVE,5.0,0
2134836,2134836,2016-04-16,1,AUTOMOTIVE,6.0,0
2136618,2136618,2016-04-17,1,AUTOMOTIVE,1.0,0
2138400,2138400,2016-04-18,1,AUTOMOTIVE,14.0,0
2140182,2140182,2016-04-19,1,AUTOMOTIVE,4.0,0
2141964,2141964,2016-04-20,1,AUTOMOTIVE,9.0,0
2143746,2143746,2016-04-21,1,AUTOMOTIVE,4.0,0
2145528,2145528,2016-04-22,1,AUTOMOTIVE,2.0,0
2147310,2147310,2016-04-23,1,AUTOMOTIVE,3.0,0
2149092,2149092,2016-04-24,1,AUTOMOTIVE,0.0,0
2150874,2150874,2016-04-25,1,AUTOMOTIVE,12.0,0
2152656,2152656,2016-04-26,1,AUTOMOTIVE,1.0,0
2154438,2154438,2016-04-27,1,AUTOMOTIVE,8.0,0
2156220,2156220,2016-04-28,1,AUTOMOTIVE,6.0,0
2158002,2158002,2016-04-29,1,AUTOMOTIVE,5.0,0
2159784,2159784,2016-04-30,1,AUTOMOTIVE,12.0,0
2161566,2161566,2016-05-01,1,AUTOMOTIVE,4.0,0
2163348,2163348,2016-05-02,1,AUTOMOTIVE,6.0,0
2165130,2165130,2016-05-03,1,AUTOMOTIVE,3.0,0
2166912,2166912,2016-05-04,1,AUTOMOTIVE,15.0,0
2168694,2168694,2016-05-05,1,AUTOMOTIVE,10.0,0
2170476,2170476,2016-05-06,1,AUTOMOTIVE,5.0,0
2172258,2172258,2016-05-07,1,AUTOMOTIVE,0.0,0
2174040,2174040,2016-05-08,1,AUTOMOTIVE,5.0,0
2175822,2175822,2016-05-09,1,AUTOMOTIVE,3.0,0
2177604,2177604,2016-05-10,1,AUTOMOTIVE,9.0,0
2179386,2179386,2016-05-11,1,AUTOMOTIVE,4.0,0
2181168,2181168,2016-05-12,1,AUTOMOTIVE,3.0,0
2182950,2182950,2016-05-13,1,AUTOMOTIVE,2.0,0
2184732,2184732,2016-05-14,1,AUTOMOTIVE,2.0,0
2186514,2186514,2016-05-15,1,AUTOMOTIVE,4.0,0
2188296,2188296,2016-05-16,1,AUTOMOTIVE,13.0,0
2190078,2190078,2016-05-17,1,AUTOMOTIVE,5.0,0
2191860,2191860,2016-05-18,1,AUTOMOTIVE,2.0,0
2193642,2193642,2016-05-19,1,AUTOMOTIVE,7.0,0
2195424,2195424,2016-05-20,1,AUTOMOTIVE,1.0,0
2197206,2197206,2016-05-21,1,AUTOMOTIVE,3.0,0
2198988,2198988,2016-05-22,1,AUTOMOTIVE,4.0,0
2200770,2200770,2016-05-23,1,AUTOMOTIVE,1.0,0
2202552,2202552,2016-05-24,1,AUTOMOTIVE,5.0,0
2204334,2204334,2016-05-25,1,AUTOMOTIVE,10.0,0
2206116,2206116,2016-05-26,1,AUTOMOTIVE,2.0,0
2207898,2207898,2016-05-27,1,AUTOMOTIVE,1.0,0
2209680,2209680,2016-05-28,1,AUTOMOTIVE,2.0,0
2211462,2211462,2016-05-29,1,AUTOMOTIVE,4.0,0
2213244,2213244,2016-05-30,1,AUTOMOTIVE,6.0,0
2215026,2215026,2016-05-31,1,AUTOMOTIVE,5.0,0
2216808,2216808,2016-06-01,1,AUTOMOTIVE,3.0,0
2218590,2218590,2016-06-02,1,AUTOMOTIVE,1.0,0
2220372,2220372,2016-06-03,1,AUTOMOTIVE,4.0,0
2222154,2222154,2016-06-04,1,AUTOMOTIVE,9.0,0
2223936,2223936,2016-06-05,1,AUTOMOTIVE,2.0,0
2225718,2225718,2016-06-06,1,AUTOMOTIVE,4.0,0
2227500,2227500,2016-06-07,1,AUTOMOTIVE,3.0,0
2229282,2229282,2016-06-08,1,AUTOMOTIVE,5.0,1
2231064,2231064,2016-06-09,1,AUTOMOTIVE,4.0,1
2232846,2232846,2016-06-10,1,AUTOMOTIVE,2.0,0
2234628,2234628,2016-06-11,1,AUTOMOTIVE,10.0,0
2236410,2236410,2016-06-12,1,AUTOMOTIVE,3.0,1
2238192,2238192,2016-06-13,1,AUTOMOTIVE,9.0,0
2239974,2239974,2016-06-14,1,AUTOMOTIVE,5.0,1
2241756,2241756,2016-06-15,1,AUTOMOTIVE,6.0,1
2243538,2243538,2016-06-16,1,AUTOMOTIVE,3.0,0
2245320,2245320,2016-06-17,1,AUTOMOTIVE,1.0,0
2247102,2247102,2016-06-18,1,AUTOMOTIVE,4.0,1
2248884,2248884,2016-06-19,1,AUTOMOTIVE,0.0,0
2250666,2250666,2016-06-20,1,AUTOMOTIVE,3.0,1
2252448,2252448,2016-06-21,1,AUTOMOTIVE,5.0,1
2254230,2254230,2016-06-22,1,AUTOMOTIVE,2.0,1
2256012,2256012,2016-06-23,1,AUTOMOTIVE,1.0,0
2257794,2257794,2016-06-24,1,AUTOMOTIVE,4.0,0
2259576,2259576,2016-06-25,1,AUTOMOTIVE,5.0,0
2261358,2261358,2016-06-26,1,AUTOMOTIVE,2.0,0
2263140,2263140,2016-06-27,1,AUTOMOTIVE,5.0,1
2264922,2264922,2016-06-28,1,AUTOMOTIVE,5.0,1
2266704,2266704,2016-06-29,1,AUTOMOTIVE,8.0,0
2268486,2268486,2016-06-30,1,AUTOMOTIVE,5.0,0
2270268,2270268,2016-07-01,1,AUTOMOTIVE,8.0,1
2272050,2272050,2016-07-02,1,AUTOMOTIVE,3.0,0
2273832,2273832,2016-07-03,1,AUTOMOTIVE,0.0,0
2275614,2275614,2016-07-04,1,AUTOMOTIVE,5.0,1
2277396,2277396,2016-07-05,1,AUTOMOTIVE,6.0,1
2279178,2279178,2016-07-06,1,AUTOMOTIVE,2.0,0
2280960,2280960,2016-07-07,1,AUTOMOTIVE,3.0,0
2282742,2282742,2016-07-08,1,AUTOMOTIVE,9.0,0
2284524,2284524,2016-07-09,1,AUTOMOTIVE,2.0,0
2286306,2286306,2016-07-10,1,AUTOMOTIVE,5.0,0
2288088,2288088,2016-07-11,1,AUTOMOTIVE,4.0,0
2289870,2289870,2016-07-12,1,AUTOMOTIVE,1.0,0
2291652,2291652,2016-07-13,1,AUTOMOTIVE,1.0,0
2293434,2293434,2016-07-14,1,AUTOMOTIVE,4.0,0
2295216,2295216,2016-07-15,1,AUTOMOTIVE,8.0,0
2296998,2296998,2016-07-16,1,AUTOMOTIVE,2.0,0
2298780,2298780,2016-07-17,1,AUTOMOTIVE,2.0,0
2300562,2300562,2016-07-18,1,AUTOMOTIVE,3.0,0
2302344,2302344,2016-07-19,1,AUTOMOTIVE,9.0,0
2304126,2304126,2016-07-20,1,AUTOMOTIVE,3.0,0
2305908,2305908,2016-07-21,1,AUTOMOTIVE,4.0,0
2307690,2307690,2016-07-22,1,AUTOMOTIVE,5.0,0
2309472,2309472,2016-07-23,1,AUTOMOTIVE,5.0,0
2311254,2311254,2016-07-24,1,AUTOMOTIVE,10.0,0
2313036,2313036,2016-07-25,1,AUTOMOTIVE,5.0,0
2314818,2314818,2016-07-26,1,AUTOMOTIVE,4.0,0
2316600,2316600,2016-07-27,1,AUTOMOTIVE,0.0,0
2318382,2318382,2016-07-28,1,AUTOMOTIVE,3.0,0
2320164,2320164,2016-07-29,1,AUTOMOTIVE,8.0,0
2321946,2321946,2016-07-30,1,AUTOMOTIVE,9.0,0
2323728,2323728,2016-07-31,1,AUTOMOTIVE,3.0,0
2325510,2325510,2016-08-01,1,AUTOMOTIVE,3.0,0
2327292,2327292,2016-08-02,1,AUTOMOTIVE,10.0,0
2329074,2329074,2016-08-03,1,AUTOMOTIVE,0.0,0
2330856,2330856,2016-08-04,1,AUTOMOTIVE,3.0,0
2332638,2332638,2016-08-05,1,AUTOMOTIVE,5.0,0
2334420,2334420,2016-08-06,1,AUTOMOTIVE,5.0,0
2336202,2336202,2016-08-07,1,AUTOMOTIVE,1.0,0
2337984,2337984,2016-08-08,1,AUTOMOTIVE,4.0,0
2339766,2339766,2016-08-09,1,AUTOMOTIVE,6.0,0
2341548,2341548,2016-08-10,1,AUTOMOTIVE,4.0,0
2343330,2343330,2016-08-11,1,AUTOMOTIVE,8.0,0
2345112,2345112,2016-08-12,1,AUTOMOTIVE,1.0,0
2346894,2346894,2016-08-13,1,AUTOMOTIVE,2.0,0
2348676,2348676,2016-08-14,1,AUTOMOTIVE,0.0,0
2350458,2350458,2016-08-15,1,AUTOMOTIVE,4.0,0
2352240,2352240,2016-08-16,1,AUTOMOTIVE,5.0,0
2354022,2354022,2016-08-17,1,AUTOMOTIVE,4.0,0
2355804,2355804,2016-08-18,1,AUTOMOTIVE,6.0,0
2357586,2357586,2016-08-19,1,AUTOMOTIVE,12.0,0
2359368,2359368,2016-08-20,1,AUTOMOTIVE,6.0,0
2361150,2361150,2016-08-21,1,AUTOMOTIVE,0.0,0
2362932,2362932,2016-08-22,1,AUTOMOTIVE,2.0,0
2364714,2364714,2016-08-23,1,AUTOMOTIVE,3.0,0
2366496,2366496,2016-08-24,1,AUTOMOTIVE,8.0,0
2368278,2368278,2016-08-25,1,AUTOMOTIVE,2.0,0
2370060,2370060,2016-08-26,1,AUTOMOTIVE,7.0,0
2371842,2371842,2016-08-27,1,AUTOMOTIVE,1.0,0
2373624,2373624,2016-08-28,1,AUTOMOTIVE,2.0,0
2375406,2375406,2016-08-29,1,AUTOMOTIVE,7.0,0
2377188,2377188,2016-08-30,1,AUTOMOTIVE,4.0,0
2378970,2378970,2016-08-31,1,AUTOMOTIVE,3.0,0
2380752,2380752,2016-09-01,1,AUTOMOTIVE,4.0,0
2382534,2382534,2016-09-02,1,AUTOMOTIVE,0.0,0
2384316,2384316,2016-09-03,1,AUTOMOTIVE,6.0,0
2386098,2386098,2016-09-04,1,AUTOMOTIVE,2.0,0
2387880,2387880,2016-09-05,1,AUTOMOTIVE,7.0,0
2389662,2389662,2016-09-06,1,AUTOMOTIVE,2.0,0
2391444,2391444,2016-09-07,1,AUTOMOTIVE,8.0,0
2393226,2393226,2016-09-08,1,AUTOMOTIVE,3.0,0
2395008,2395008,2016-09-09,1,AUTOMOTIVE,4.0,0
2396790,2396790,2016-09-10,1,AUTOMOTIVE,2.0,0
2398572,2398572,2016-09-11,1,AUTOMOTIVE,0.0,0
2400354,2400354,2016-09-12,1,AUTOMOTIVE,4.0,0
2402136,2402136,2016-09-13,1,AUTOMOTIVE,4.0,0
2403918,2403918,2016-09-14,1,AUTOMOTIVE,9.0,0
2405700,2405700,2016-09-15,1,AUTOMOTIVE,2.0,0
2407482,2407482,2016-09-16,1,AUTOMOTIVE,6.0,0
2409264,2409264,2016-09-17,1,AUTOMOTIVE,6.0,0
2411046,2411046,2016-09-18,1,AUTOMOTIVE,2.0,0
2412828,2412828,2016-09-19,1,AUTOMOTIVE,2.0,0
2414610,2414610,2016-09-20,1,AUTOMOTIVE,8.0,0
2416392,2416392,2016-09-21,1,AUTOMOTIVE,2.0,0
2418174,2418174,2016-09-22,1,AUTOMOTIVE,5.0,0
2419956,2419956,2016-09-23,1,AUTOMOTIVE,3.0,0
2421738,2421738,2016-09-24,1,AUTOMOTIVE,8.0,0
2423520,2423520,2016-09-25,1,AUTOMOTIVE,2.0,0
2425302,2425302,2016-09-26,1,AUTOMOTIVE,1.0,0
2427084,2427084,2016-09-27,1,AUTOMOTIVE,0.0,0
2428866,2428866,2016-09-28,1,AUTOMOTIVE,4.0,0
2430648,2430648,2016-09-29,1,AUTOMOTIVE,1.0,0
2432430,2432430,2016-09-30,1,AUTOMOTIVE,2.0,0
2434212,2434212,2016-10-01,1,AUTOMOTIVE,5.0,0
2435994,2435994,2016-10-02,1,AUTOMOTIVE,2.0,0
2437776,2437776,2016-10-03,1,AUTOMOTIVE,5.0,0
2439558,2439558,2016-10-04,1,AUTOMOTIVE,5.0,0
2441340,2441340,2016-10-05,1,AUTOMOTIVE,9.0,0
2443122,2443122,2016-10-06,1,AUTOMOTIVE,10.0,0
2444904,2444904,2016-10-07,1,AUTOMOTIVE,4.0,0
2446686,2446686,2016-10-08,1,AUTOMOTIVE,6.0,0
2448468,2448468,2016-10-09,1,AUTOMOTIVE,2.0,0
2450250,2450250,2016-10-10,1,AUTOMOTIVE,4.0,0
2452032,2452032,2016-10-11,1,AUTOMOTIVE,7.0,0
2453814,2453814,2016-10-12,1,AUTOMOTIVE,5.0,0
2455596,2455596,2016-10-13,1,AUTOMOTIVE,1.0,0
2457378,2457378,2016-10-14,1,AUTOMOTIVE,8.0,0
2459160,2459160,2016-10-15,1,AUTOMOTIVE,1.0,0
2460942,2460942,2016-10-16,1,AUTOMOTIVE,0.0,0
2462724,2462724,2016-10-17,1,AUTOMOTIVE,4.0,0
2464506,2464506,2016-10-18,1,AUTOMOTIVE,3.0,0
2466288,2466288,2016-10-19,1,AUTOMOTIVE,2.0,0
2468070,2468070,2016-10-20,1,AUTOMOTIVE,5.0,0
2469852,2469852,2016-10-21,1,AUTOMOTIVE,6.0,0
2471634,2471634,2016-10-22,1,AUTOMOTIVE,6.0,0
2473416,2473416,2016-10-23,1,AUTOMOTIVE,0.0,0
2475198,2475198,2016-10-24,1,AUTOMOTIVE,3.0,0
2476980,2476980,2016-10-25,1,AUTOMOTIVE,8.0,0
2478762,2478762,2016-10-26,1,AUTOMOTIVE,7.0,0
2480544,2480544,2016-10-27,1,AUTOMOTIVE,0.0,0
2482326,2482326,2016-10-28,1,AUTOMOTIVE,8.0,0
2484108,2484108,2016-10-29,1,AUTOMOTIVE,2.0,0
2485890,2485890,2016-10-30,1,AUTOMOTIVE,2.0,0
2487672,2487672,2016-10-31,1,AUTOMOTIVE,1.0,0
2489454,2489454,2016-11-01,1,AUTOMOTIVE,2.0,0
2491236,2491236,2016-11-02,1,AUTOMOTIVE,5.0,0
2493018,2493018,2016-11-03,1,AUTOMOTIVE,1.0,0
2494800,2494800,2016-11-04,1,AUTOMOTIVE,4.0,0
2496582,2496582,2016-11-05,1,AUTOMOTIVE,6.0,0
2498364,2498364,2016-11-06,1,AUTOMOTIVE,1.0,0
2500146,2500146,2016-11-07,1,AUTOMOTIVE,7.0,0
2501928,2501928,2016-11-08,1,AUTOMOTIVE,8.0,0
2503710,2503710,2016-11-09,1,AUTOMOTIVE,5.0,0
2505492,2505492,2016-11-10,1,AUTOMOTIVE,3.0,0
2507274,2507274,2016-11-11,1,AUTOMOTIVE,1.0,0
2509056,2509056,2016-11-12,1,AUTOMOTIVE,4.0,0
2510838,2510838,2016-11-13,1,AUTOMOTIVE,1.0,0
2512620,2512620,2016-11-14,1,AUTOMOTIVE,3.0,0
2514402,2514402,2016-11-15,1,AUTOMOTIVE,2.0,0
2516184,2516184,2016-11-16,1,AUTOMOTIVE,4.0,0
2517966,2517966,2016-11-17,1,AUTOMOTIVE,9.0,0
2519748,2519748,2016-11-18,1,AUTOMOTIVE,1.0,0
2521530,2521530,2016-11-19,1,AUTOMOTIVE,4.0,0
2523312,2523312,2016-11-20,1,AUTOMOTIVE,2.0,0
2525094,2525094,2016-11-21,1,AUTOMOTIVE,3.0,0
2526876,2526876,2016-11-22,1,AUTOMOTIVE,5.0,0
2528658,2528658,2016-11-23,1,AUTOMOTIVE,2.0,0
2530440,2530440,2016-11-24,1,AUTOMOTIVE,7.0,0
2532222,2532222,2016-11-25,1,AUTOMOTIVE,1.0,0
2534004,2534004,2016-11-26,1,AUTOMOTIVE,5.0,0
2535786,2535786,2016-11-27,1,AUTOMOTIVE,1.0,0
2537568,2537568,2016-11-28,1,AUTOMOTIVE,5.0,0
2539350,2539350,2016-11-29,1,AUTOMOTIVE,8.0,0
2541132,2541132,2016-11-30,1,AUTOMOTIVE,6.0,0
2542914,2542914,2016-12-01,1,AUTOMOTIVE,3.0,0
2544696,2544696,2016-12-02,1,AUTOMOTIVE,2.0,0
2546478,2546478,2016-12-03,1,AUTOMOTIVE,9.0,0
2548260,2548260,2016-12-04,1,AUTOMOTIVE,1.0,0
2550042,2550042,2016-12-05,1,AUTOMOTIVE,4.0,0
2551824,2551824,2016-12-06,1,AUTOMOTIVE,0.0,0
2553606,2553606,2016-12-07,1,AUTOMOTIVE,1.0,0
2555388,2555388,2016-12-08,1,AUTOMOTIVE,5.0,0
2557170,2557170,2016-12-09,1,AUTOMOTIVE,6.0,0
2558952,2558952,2016-12-10,1,AUTOMOTIVE,3.0,0
2560734,2560734,2016-12-11,1,AUTOMOTIVE,0.0,0
2562516,2562516,2016-12-12,1,AUTOMOTIVE,3.0,0
2564298,2564298,2016-12-13,1,AUTOMOTIVE,4.0,0
2566080,2566080,2016-12-14,1,AUTOMOTIVE,0.0,0
2567862,2567862,2016-12-15,1,AUTOMOTIVE,5.0,0
2569644,2569644,2016-12-16,1,AUTOMOTIVE,1.0,0
2571426,2571426,2016-12-17,1,AUTOMOTIVE,6.0,0
2573208,2573208,2016-12-18,1,AUTOMOTIVE,2.0,0
2574990,2574990,2016-12-19,1,AUTOMOTIVE,8.0,0
2576772,2576772,2016-12-20,1,AUTOMOTIVE,0.0,0
2578554,2578554,2016-12-21,1,AUTOMOTIVE,1.0,0
2580336,2580336,2016-12-22,1,AUTOMOTIVE,7.0,0
2582118,2582118,2016-12-23,1,AUTOMOTIVE,6.0,0
2583900,2583900,2016-12-24,1,AUTOMOTIVE,6.0,0
2585682,2585682,2016-12-26,1,AUTOMOTIVE,0.0,0
2587464,2587464,2016-12-27,1,AUTOMOTIVE,5.0,0
2589246,2589246,2016-12-28,1,AUTOMOTIVE,12.0,0
2591028,2591028,2016-12-29,1,AUTOMOTIVE,3.0,0
2592810,2592810,2016-12-30,1,AUTOMOTIVE,4.0,0
2594592,2594592,2016-12-31,1,AUTOMOTIVE,2.0,0
2596374,2596374,2017-01-01,1,AUTOMOTIVE,0.0,0
2598156,2598156,2017-01-02,1,AUTOMOTIVE,5.0,0
2599938,2599938,2017-01-03,1,AUTOMOTIVE,4.0,0
2601720,2601720,2017-01-04,1,AUTOMOTIVE,1.0,0
2603502,2603502,2017-01-05,1,AUTOMOTIVE,2.0,0
2605284,2605284,2017-01-06,1,AUTOMOTIVE,2.0,0
2607066,2607066,2017-01-07,1,AUTOMOTIVE,5.0,0
2608848,2608848,2017-01-08,1,AUTOMOTIVE,0.0,0
2610630,2610630,2017-01-09,1,AUTOMOTIVE,2.0,0
2612412,2612412,2017-01-10,1,AUTOMOTIVE,3.0,0
2614194,2614194,2017-01-11,1,AUTOMOTIVE,10.0,0
2615976,2615976,2017-01-12,1,AUTOMOTIVE,2.0,0
2617758,2617758,2017-01-13,1,AUTOMOTIVE,3.0,0
2619540,2619540,2017-01-14,1,AUTOMOTIVE,2.0,0
2621322,2621322,2017-01-15,1,AUTOMOTIVE,1.0,0
2623104,2623104,2017-01-16,1,AUTOMOTIVE,3.0,0
2624886,2624886,2017-01-17,1,AUTOMOTIVE,2.0,0
2626668,2626668,2017-01-18,1,AUTOMOTIVE,3.0,0
2628450,2628450,2017-01-19,1,AUTOMOTIVE,2.0,0
2630232,2630232,2017-01-20,1,AUTOMOTIVE,2.0,0
2632014,2632014,2017-01-21,1,AUTOMOTIVE,5.0,0
2633796,2633796,2017-01-22,1,AUTOMOTIVE,3.0,0
2635578,2635578,2017-01-23,1,AUTOMOTIVE,4.0,0
2637360,2637360,2017-01-24,1,AUTOMOTIVE,7.0,0
2639142,2639142,2017-01-25,1,AUTOMOTIVE,6.0,0
2640924,2640924,2017-01-26,1,AUTOMOTIVE,12.0,0
2642706,2642706,2017-01-27,1,AUTOMOTIVE,2.0,0
2644488,2644488,2017-01-28,1,AUTOMOTIVE,6.0,0
2646270,2646270,2017-01-29,1,AUTOMOTIVE,0.0,0
2648052,2648052,2017-01-30,1,AUTOMOTIVE,3.0,0
2649834,2649834,2017-01-31,1,AUTOMOTIVE,5.0,0
2651616,2651616,2017-02-01,1,AUTOMOTIVE,7.0,0
2653398,2653398,2017-02-02,1,AUTOMOTIVE,3.0,0
2655180,2655180,2017-02-03,1,AUTOMOTIVE,1.0,0
2656962,2656962,2017-02-04,1,AUTOMOTIVE,4.0,0
2658744,2658744,2017-02-05,1,AUTOMOTIVE,3.0,0
2660526,2660526,2017-02-06,1,AUTOMOTIVE,4.0,0
2662308,2662308,2017-02-07,1,AUTOMOTIVE,2.0,0
2664090,2664090,2017-02-08,1,AUTOMOTIVE,6.0,0
2665872,2665872,2017-02-09,1,AUTOMOTIVE,5.0,0
2667654,2667654,2017-02-10,1,AUTOMOTIVE,3.0,0
2669436,2669436,2017-02-11,1,AUTOMOTIVE,5.0,0
2671218,2671218,2017-02-12,1,AUTOMOTIVE,4.0,0
2673000,2673000,2017-02-13,1,AUTOMOTIVE,3.0,0
2674782,2674782,2017-02-14,1,AUTOMOTIVE,2.0,0
2676564,2676564,2017-02-15,1,AUTOMOTIVE,3.0,0
2678346,2678346,2017-02-16,1,AUTOMOTIVE,3.0,0
2680128,2680128,2017-02-17,1,AUTOMOTIVE,7.0,0
2681910,2681910,2017-02-18,1,AUTOMOTIVE,3.0,0
2683692,2683692,2017-02-19,1,AUTOMOTIVE,0.0,0
2685474,2685474,2017-02-20,1,AUTOMOTIVE,2.0,0
2687256,2687256,2017-02-21,1,AUTOMOTIVE,2.0,0
2689038,2689038,2017-02-22,1,AUTOMOTIVE,4.0,0
2690820,2690820,2017-02-23,1,AUTOMOTIVE,1.0,0
2692602,2692602,2017-02-24,1,AUTOMOTIVE,13.0,0
2694384,2694384,2017-02-25,1,AUTOMOTIVE,2.0,0
2696166,2696166,2017-02-26,1,AUTOMOTIVE,1.0,0
2697948,2697948,2017-02-27,1,AUTOMOTIVE,3.0,0
2699730,2699730,2017-02-28,1,AUTOMOTIVE,2.0,0
2701512,2701512,2017-03-01,1,AUTOMOTIVE,1.0,0
2703294,2703294,2017-03-02,1,AUTOMOTIVE,3.0,0
2705076,2705076,2017-03-03,1,AUTOMOTIVE,5.0,0
2706858,2706858,2017-03-04,1,AUTOMOTIVE,6.0,0
2708640,2708640,2017-03-05,1,AUTOMOTIVE,0.0,0
2710422,2710422,2017-03-06,1,AUTOMOTIVE,5.0,0
2712204,2712204,2017-03-07,1,AUTOMOTIVE,3.0,0
2713986,2713986,2017-03-08,1,AUTOMOTIVE,3.0,0
2715768,2715768,2017-03-09,1,AUTOMOTIVE,4.0,0
2717550,2717550,2017-03-10,1,AUTOMOTIVE,3.0,0
2719332,2719332,2017-03-11,1,AUTOMOTIVE,0.0,0
2721114,2721114,2017-03-12,1,AUTOMOTIVE,4.0,0
2722896,2722896,2017-03-13,1,AUTOMOTIVE,3.0,0
2724678,2724678,2017-03-14,1,AUTOMOTIVE,3.0,0
2726460,2726460,2017-03-15,1,AUTOMOTIVE,7.0,0
2728242,2728242,2017-03-16,1,AUTOMOTIVE,4.0,0
2730024,2730024,2017-03-17,1,AUTOMOTIVE,6.0,0
2731806,2731806,2017-03-18,1,AUTOMOTIVE,3.0,0
2733588,2733588,2017-03-19,1,AUTOMOTIVE,1.0,0
2735370,2735370,2017-03-20,1,AUTOMOTIVE,3.0,0
2737152,2737152,2017-03-21,1,AUTOMOTIVE,8.0,0
2738934,2738934,2017-03-22,1,AUTOMOTIVE,3.0,0
2740716,2740716,2017-03-23,1,AUTOMOTIVE,3.0,0
2742498,2742498,2017-03-24,1,AUTOMOTIVE,7.0,0
2744280,2744280,2017-03-25,1,AUTOMOTIVE,5.0,0
2746062,2746062,2017-03-26,1,AUTOMOTIVE,5.0,0
2747844,2747844,2017-03-27,1,AUTOMOTIVE,6.0,0
2749626,2749626,2017-03-28,1,AUTOMOTIVE,4.0,0
2751408,2751408,2017-03-29,1,AUTOMOTIVE,2.0,0
2753190,2753190,2017-03-30,1,AUTOMOTIVE,3.0,0
2754972,2754972,2017-03-31,1,AUTOMOTIVE,5.0,0
2756754,2756754,2017-04-01,1,AUTOMOTIVE,9.0,0
2758536,2758536,2017-04-02,1,AUTOMOTIVE,4.0,0
2760318,2760318,2017-04-03,1,AUTOMOTIVE,11.0,0
2762100,2762100,2017-04-04,1,AUTOMOTIVE,3.0,0
2763882,2763882,2017-04-05,1,AUTOMOTIVE,5.0,0
2765664,2765664,2017-04-06,1,AUTOMOTIVE,10.0,0
2767446,2767446,2017-04-07,1,AUTOMOTIVE,9.0,0
2769228,2769228,2017-04-08,1,AUTOMOTIVE,8.0,0
2771010,2771010,2017-04-09,1,AUTOMOTIVE,2.0,0
2772792,2772792,2017-04-10,1,AUTOMOTIVE,5.0,0
2774574,2774574,2017-04-11,1,AUTOMOTIVE,6.0,0
2776356,2776356,2017-04-12,1,AUTOMOTIVE,3.0,0
2778138,2778138,2017-04-13,1,AUTOMOTIVE,9.0,0
2779920,2779920,2017-04-14,1,AUTOMOTIVE,1.0,0
2781702,2781702,2017-04-15,1,AUTOMOTIVE,3.0,0
2783484,2783484,2017-04-16,1,AUTOMOTIVE,1.0,0
2785266,2785266,2017-04-17,1,AUTOMOTIVE,1.0,0
2787048,2787048,2017-04-18,1,AUTOMOTIVE,3.0,0
2788830,2788830,2017-04-19,1,AUTOMOTIVE,4.0,0
2790612,2790612,2017-04-20,1,AUTOMOTIVE,2.0,0
2792394,2792394,2017-04-21,1,AUTOMOTIVE,5.0,0
2794176,2794176,2017-04-22,1,AUTOMOTIVE,5.0,0
2795958,2795958,2017-04-23,1,AUTOMOTIVE,1.0,0
2797740,2797740,2017-04-24,1,AUTOMOTIVE,6.0,0
2799522,2799522,2017-04-25,1,AUTOMOTIVE,3.0,0
2801304,2801304,2017-04-26,1,AUTOMOTIVE,2.0,0
2803086,2803086,2017-04-27,1,AUTOMOTIVE,8.0,0
2804868,2804868,2017-04-28,1,AUTOMOTIVE,3.0,0
2806650,2806650,2017-04-29,1,AUTOMOTIVE,2.0,0
2808432,2808432,2017-04-30,1,AUTOMOTIVE,3.0,0
2810214,2810214,2017-05-01,1,AUTOMOTIVE,0.0,0
2811996,2811996,2017-05-02,1,AUTOMOTIVE,2.0,0
2813778,2813778,2017-05-03,1,AUTOMOTIVE,5.0,0
2815560,2815560,2017-05-04,1,AUTOMOTIVE,3.0,0
2817342,2817342,2017-05-05,1,AUTOMOTIVE,12.0,0
2819124,2819124,2017-05-06,1,AUTOMOTIVE,4.0,0
2820906,2820906,2017-05-07,1,AUTOMOTIVE,3.0,0
2822688,2822688,2017-05-08,1,AUTOMOTIVE,5.0,0
2824470,2824470,2017-05-09,1,AUTOMOTIVE,2.0,0
2826252,2826252,2017-05-10,1,AUTOMOTIVE,2.0,0
2828034,2828034,2017-05-11,1,AUTOMOTIVE,4.0,0
2829816,2829816,2017-05-12,1,AUTOMOTIVE,4.0,0
2831598,2831598,2017-05-13,1,AUTOMOTIVE,2.0,0
2833380,2833380,2017-05-14,1,AUTOMOTIVE,2.0,0
2835162,2835162,2017-05-15,1,AUTOMOTIVE,9.0,0
2836944,2836944,2017-05-16,1,AUTOMOTIVE,3.0,0
2838726,2838726,2017-05-17,1,AUTOMOTIVE,2.0,0
2840508,2840508,2017-05-18,1,AUTOMOTIVE,4.0,0
2842290,2842290,2017-05-19,1,AUTOMOTIVE,5.0,0
2844072,2844072,2017-05-20,1,AUTOMOTIVE,4.0,0
2845854,2845854,2017-05-21,1,AUTOMOTIVE,1.0,0
2847636,2847636,2017-05-22,1,AUTOMOTIVE,2.0,0
2849418,2849418,2017-05-23,1,AUTOMOTIVE,4.0,0
2851200,2851200,2017-05-24,1,AUTOMOTIVE,7.0,0
2852982,2852982,2017-05-25,1,AUTOMOTIVE,2.0,0
2854764,2854764,2017-05-26,1,AUTOMOTIVE,1.0,0
2856546,2856546,2017-05-27,1,AUTOMOTIVE,1.0,0
2858328,2858328,2017-05-28,1,AUTOMOTIVE,2.0,0
2860110,2860110,2017-05-29,1,AUTOMOTIVE,6.0,0
2861892,2861892,2017-05-30,1,AUTOMOTIVE,2.0,0
2863674,2863674,2017-05-31,1,AUTOMOTIVE,3.0,0
2865456,2865456,2017-06-01,1,AUTOMOTIVE,6.0,0
2867238,2867238,2017-06-02,1,AUTOMOTIVE,19.0,0
2869020,2869020,2017-06-03,1,AUTOMOTIVE,8.0,0
2870802,2870802,2017-06-04,1,AUTOMOTIVE,0.0,0
2872584,2872584,2017-06-05,1,AUTOMOTIVE,6.0,0
2874366,2874366,2017-06-06,1,AUTOMOTIVE,2.0,0
2876148,2876148,2017-06-07,1,AUTOMOTIVE,7.0,0
2877930,2877930,2017-06-08,1,AUTOMOTIVE,1.0,0
2879712,2879712,2017-06-09,1,AUTOMOTIVE,1.0,0
2881494,2881494,2017-06-10,1,AUTOMOTIVE,4.0,0
2883276,2883276,2017-06-11,1,AUTOMOTIVE,3.0,0
2885058,2885058,2017-06-12,1,AUTOMOTIVE,4.0,0
2886840,2886840,2017-06-13,1,AUTOMOTIVE,5.0,0
2888622,2888622,2017-06-14,1,AUTOMOTIVE,5.0,0
2890404,2890404,2017-06-15,1,AUTOMOTIVE,3.0,0
2892186,2892186,2017-06-16,1,AUTOMOTIVE,4.0,0
2893968,2893968,2017-06-17,1,AUTOMOTIVE,3.0,0
2895750,2895750,2017-06-18,1,AUTOMOTIVE,2.0,0
2897532,2897532,2017-06-19,1,AUTOMOTIVE,3.0,0
2899314,2899314,2017-06-20,1,AUTOMOTIVE,3.0,0
2901096,2901096,2017-06-21,1,AUTOMOTIVE,1.0,0
2902878,2902878,2017-06-22,1,AUTOMOTIVE,1.0,0
2904660,2904660,2017-06-23,1,AUTOMOTIVE,10.0,0
2906442,2906442,2017-06-24,1,AUTOMOTIVE,12.0,0
2908224,2908224,2017-06-25,1,AUTOMOTIVE,4.0,0
2910006,2910006,2017-06-26,1,AUTOMOTIVE,3.0,0
2911788,2911788,2017-06-27,1,AUTOMOTIVE,4.0,0
2913570,2913570,2017-06-28,1,AUTOMOTIVE,2.0,0
2915352,2915352,2017-06-29,1,AUTOMOTIVE,1.0,0
2917134,2917134,2017-06-30,1,AUTOMOTIVE,11.0,0
2918916,2918916,2017-07-01,1,AUTOMOTIVE,7.0,0
2920698,2920698,2017-07-02,1,AUTOMOTIVE,4.0,0
2922480,2922480,2017-07-03,1,AUTOMOTIVE,0.0,0
2924262,2924262,2017-07-04,1,AUTOMOTIVE,5.0,0
2926044,2926044,2017-07-05,1,AUTOMOTIVE,1.0,0
2927826,2927826,2017-07-06,1,AUTOMOTIVE,5.0,0
2929608,2929608,2017-07-07,1,AUTOMOTIVE,4.0,0
2931390,2931390,2017-07-08,1,AUTOMOTIVE,6.0,0
2933172,2933172,2017-07-09,1,AUTOMOTIVE,2.0,0
2934954,2934954,2017-07-10,1,AUTOMOTIVE,3.0,0
2936736,2936736,2017-07-11,1,AUTOMOTIVE,7.0,0
2938518,2938518,2017-07-12,1,AUTOMOTIVE,7.0,0
2940300,2940300,2017-07-13,1,AUTOMOTIVE,9.0,0
2942082,2942082,2017-07-14,1,AUTOMOTIVE,4.0,0
2943864,2943864,2017-07-15,1,AUTOMOTIVE,6.0,0
2945646,2945646,2017-07-16,1,AUTOMOTIVE,2.0,0
2947428,2947428,2017-07-17,1,AUTOMOTIVE,2.0,0
2949210,2949210,2017-07-18,1,AUTOMOTIVE,3.0,0
2950992,2950992,2017-07-19,1,AUTOMOTIVE,7.0,0
2952774,2952774,2017-07-20,1,AUTOMOTIVE,4.0,0
2954556,2954556,2017-07-21,1,AUTOMOTIVE,10.0,0
2956338,2956338,2017-07-22,1,AUTOMOTIVE,8.0,0
2958120,2958120,2017-07-23,1,AUTOMOTIVE,0.0,0
2959902,2959902,2017-07-24,1,AUTOMOTIVE,4.0,0
2961684,2961684,2017-07-25,1,AUTOMOTIVE,10.0,0
2963466,2963466,2017-07-26,1,AUTOMOTIVE,2.0,0
2965248,2965248,2017-07-27,1,AUTOMOTIVE,5.0,0
2967030,2967030,2017-07-28,1,AUTOMOTIVE,7.0,0
2968812,2968812,2017-07-29,1,AUTOMOTIVE,4.0,0
2970594,2970594,2017-07-30,1,AUTOMOTIVE,1.0,0
2972376,2972376,2017-07-31,1,AUTOMOTIVE,8.0,0
2974158,2974158,2017-08-01,1,AUTOMOTIVE,5.0,0
2975940,2975940,2017-08-02,1,AUTOMOTIVE,4.0,0
2977722,2977722,2017-08-03,1,AUTOMOTIVE,3.0,0
2979504,2979504,2017-08-04,1,AUTOMOTIVE,8.0,0
2981286,2981286,2017-08-05,1,AUTOMOTIVE,5.0,0
2983068,2983068,2017-08-06,1,AUTOMOTIVE,6.0,0
2984850,2984850,2017-08-07,1,AUTOMOTIVE,7.0,0
2986632,2986632,2017-08-08,1,AUTOMOTIVE,4.0,0
2988414,2988414,2017-08-09,1,AUTOMOTIVE,7.0,0
2990196,2990196,2017-08-10,1,AUTOMOTIVE,9.0,0
2991978,2991978,2017-08-11,1,AUTOMOTIVE,1.0,0
2993760,2993760,2017-08-12,1,AUTOMOTIVE,6.0,0
2995542,2995542,2017-08-13,1,AUTOMOTIVE,1.0,0
2997324,2997324,2017-08-14,1,AUTOMOTIVE,1.0,0
2999106,2999106,2017-08-15,1,AUTOMOTIVE,4.0,0
